,Distributor,No_of_movies,Total_Gross,Year
0,Buena Vista,21,1175.6,2000
1,Universal,13,1069.1,2000
2,Warner Bros.,22,905.3,2000
3,Paramount,12,791.1,2000
4,DreamWorks SKG,10,777.2,2000
5,20th Century Fox,13,723.3,2000
6,Sony / Columbia,29,681.5,2000
7,New Line,14,374.5,2000
8,Miramax,23,365.3,2000
9,Dimension Films,2,110.9,2000
10,MGM/UA,7,105.9,2000
11,USA Films,14,89.7,2000
12,Artisan,8,73.3,2000
13,IMAX,2,63.7,2000
14,Destination,5,55.3,2000
15,Sony Classics,13,47.2,2000
16,Lionsgate,18,33.1,2000
17,Fine Line,10,22.1,2000
18,Fox Searchlight,6,19.4,2000
19,Focus Features,2,17.1,2000
20,Paramount Classics,6,16.4,2000
21,MacGillivray Freeman Films,0,13.0,2000
22,TSG,2,6.7,2000
23,Trimark,3,5.4,2000
24,Eros,19,3.5,2000
25,N Wave,0,3.2,2000
26,Zion,1,2.6,2000
27,Cowboy,4,1.8,2000
28,Yash Raj,2,1.7,2000
29,First Look,2,1.3,2000
30,Equinox,1,1.2,2000
31,Rainforest,1,1.2,2000
32,Kino,4,1.1,2000
33,Empire,2,1.1,2000
34,Indican,4,1.1,2000
35,Iron,1,1.1,2000
36,Video Sound,2,0.962,2000
37,Zeitgeist,1,0.927,2000
38,Hombre,1,0.886,2000
39,Odeon,2,0.823,2000
40,Lot 47,3,0.705,2000
41,New Yorker,6,0.691,2000
42,Providence,2,0.62,2000
43,New Latin,2,0.535,2000
44,Winstar,3,0.521,2000
45,Artistic License,3,0.488,2000
46,Rialto,1,0.46,2000
47,Strand,5,0.426,2000
48,7th Art,3,0.421,2000
49,Little Villa,1,0.392,2000
50,Cinema Libre,1,0.377,2000
51,First Run,2,0.37,2000
52,North by Northwest,0,0.367,2000
53,Cho,1,0.364,2000
54,IDP,2,0.358,2000
55,Wellspring,1,0.338,2000
56,Unapix Ent.,2,0.318,2000
57,Palm,1,0.31,2000
58,Castle Hill,2,0.284,2000
59,Stratosphere,1,0.278,2000
60,Phaedra,3,0.242,2000
61,Shooting Gallery,4,0.21,2000
62,Vid.,1,0.204,2000
63,Samuel Goldwyn,0,0.188,2000
64,Picture Me Rollin,1,0.171,2000
65,Independent Artists,1,0.17,2000
66,Alliance,1,0.16,2000
67,Manga,1,0.143,2000
68,IFC,1,0.117,2000
69,Seville,1,0.111,2000
70,Palisades Ent.,1,0.0752,2000
71,Silver Nitrate,2,0.0535,2000
72,Roxie,1,0.0423,2000
73,CanWest Films,1,0.038200000000000005,2000
74,Regent Releasing,2,0.026699999999999998,2000
75,Arrow Releasing,1,0.0182,2000
76,Keystone,1,0.0078,2000
77,Film Acres,1,0.0073,2000
78,Redeemable,1,0.0058,2000
79,Unknown,1,0.0043,2000
80,Venice Film Merchants,1,0.0039,2000
81,Hollywood Classics,1,0.0027,2000
82,Monarch,1,0.0016,2000
0,Warner Bros.,27,1224.8,2001
1,Universal,13,951.5,2001
2,Paramount,14,891.5,2001
3,Buena Vista,14,887.8,2001
4,20th Century Fox,16,862.9,2001
5,Sony / Columbia,25,729.3,2001
6,Miramax,25,611.7,2001
7,New Line,9,546.4,2001
8,MGM/UA,11,448.3,2001
9,DreamWorks SKG,5,400.8,2001
10,USA Films,11,141.0,2001
11,Sony Classics,11,138.4,2001
12,Lionsgate,17,55.6,2001
13,Fox Searchlight,4,45.4,2001
14,Newmarket,2,26.1,2001
15,Paramount Classics,7,22.7,2001
16,IMAX,3,22.3,2001
17,Fine Line,3,16.7,2001
18,Artisan,5,13.6,2001
19,8X Entertainment,2,7.8,2001
20,Focus Features,5,6.5,2001
21,WGB.,1,6.4,2001
22,First Look,4,6.1,2001
23,N Wave,1,5.3,2001
24,Samuel Goldwyn,1,4.5,2001
25,IDP,5,4.3,2001
26,Cloud Ten,1,4.2,2001
27,Winstar,3,3.2,2001
28,IFC,8,3.0,2001
29,Kino,1,2.5,2001
30,Power Point,1,2.3,2001
31,Purple,1,2.3,2001
32,Yash Raj,1,2.1,2001
33,Lot 47,4,2.1,2001
34,Cowboy,3,2.0,2001
35,Eros,5,1.6,2001
36,Rainbow Releasing,1,1.5,2001
37,Excel,2,1.3,2001
38,Seville,1,1.2,2001
39,Providence,2,1.1,2001
40,Tips,1,1.0,2001
41,Castle Hill,1,0.877,2001
42,Cho,0,0.847,2001
43,Set Pictures,1,0.836,2001
44,Alliance,1,0.763,2001
45,Roxie,0,0.737,2001
46,Avatar,3,0.679,2001
47,Zeitgeist,5,0.668,2001
48,Access,1,0.59,2001
49,Jour de Fete,1,0.512,2001
50,Empire,1,0.424,2001
51,Wellspring,4,0.369,2001
52,TSG,3,0.361,2001
53,Picture This!,2,0.343,2001
54,Strand,2,0.334,2001
55,Shadow Dist.,1,0.316,2001
56,New Yorker,6,0.307,2001
57,First Run,3,0.227,2001
58,Iron,0,0.215,2001
59,Panorama,3,0.196,2001
60,Filmways,1,0.19,2001
61,Urbanworld,2,0.188,2001
62,Equinox,1,0.184,2001
63,Urban Vision,1,0.151,2001
64,Maelstrom,1,0.142,2001
65,Vitagraph,2,0.134,2001
66,Artistic License,3,0.123,2001
67,Pioneer,1,0.114,2001
68,Tidepoint Pictures,1,0.09459999999999999,2001
69,Heartland Film,1,0.0818,2001
70,2Silk,1,0.0715,2001
71,Keystone,2,0.0693,2001
72,Shooting Gallery,1,0.0494,2001
73,Chris.,1,0.0436,2001
74,Andora Pictures,2,0.0412,2001
75,Arrow Releasing,1,0.030600000000000002,2001
76,Rialto,1,0.0287,2001
77,Blue Steel,1,0.0281,2001
78,Menemsha,4,0.027899999999999998,2001
79,ADV Films,1,0.0258,2001
80,Hamzeh Mystique,1,0.025,2001
81,Gabriel Film Group,1,0.0198,2001
82,Cinema Village,2,0.0198,2001
83,Regent Releasing,2,0.0172,2001
84,Indican,1,0.014,2001
85,Cinemax,1,0.0128,2001
86,Attitude Films,1,0.0107,2001
87,Social Media Productions,1,0.0060999999999999995,2001
88,Ibex,1,0.0006,2001
0,Sony / Columbia,31,1571.6,2002
1,Buena Vista,22,1187.7,2002
2,Warner Bros.,28,1072.6,2002
3,20th Century Fox,14,924.7,2002
4,Universal,15,873.8,2002
5,New Line,10,871.5,2002
6,Paramount,19,673.8,2002
7,DreamWorks SKG,7,479.3,2002
8,MGM/UA,19,363.1,2002
9,Miramax,24,245.5,2002
10,IFC,5,238.4,2002
11,Fox Searchlight,7,132.7,2002
12,Dimension Films,6,132.3,2002
13,Lionsgate,13,73.3,2002
14,USA Films,1,55.4,2002
15,Artisan,6,54.8,2002
16,IMAX,0,42.0,2002
17,Focus Features,7,25.5,2002
18,Sony Classics,19,24.1,2002
19,Heliograph,0,13.4,2002
20,IDP,8,7.6,2002
21,WGB.,0,7.4,2002
22,Paramount Classics,9,7.1,2002
23,Alliance,2,6.1,2002
24,Newmarket,1,5.2,2002
25,Excel,1,4.8,2002
26,Manhattan,2,4.5,2002
27,Lot 47,3,4.4,2002
28,N Wave,0,3.9,2002
29,ThinkFilm,6,3.8,2002
30,Cowboy,14,3.2,2002
31,Magnolia,4,3.2,2002
32,Eros,2,2.9,2002
33,Wellspring,8,2.1,2002
34,Menemsha,1,2.1,2002
35,Kino,8,2.0,2002
36,Fine Line,4,1.9,2002
37,Palm,2,1.9,2002
38,New Yorker,5,1.7,2002
39,Christal Films,3,1.5,2002
40,Cinebella,2,1.5,2002
41,Halestorm,1,1.3,2002
42,First Run,10,1.1,2002
43,Yash Raj,1,1.0,2002
44,Regent Releasing,0,0.993,2002
45,Media Partners,2,0.983,2002
46,Avatar,1,0.942,2002
47,Mongrel Media,1,0.925,2002
48,Empire,12,0.883,2002
49,Rainforest,1,0.881,2002
50,First Look,4,0.811,2002
51,Roxie,3,0.789,2002
52,Five & Two Pictures,1,0.764,2002
53,Zeitgeist,4,0.747,2002
54,Outrider,8,0.695,2002
55,Rialto,6,0.615,2002
56,Myriad Entertainment Group,0,0.583,2002
57,Strand,7,0.58,2002
58,Indican,2,0.571,2002
59,Musicwave,1,0.393,2002
60,Panorama,0,0.343,2002
61,Silver Nitrate,2,0.284,2002
62,Maelstrom,0,0.279,2002
63,David Keith,1,0.249,2002
64,Magic Lamp,2,0.247,2002
65,Small Planet,1,0.238,2002
66,Jour de Fete,1,0.235,2002
67,Oceanside,1,0.234,2002
68,Rainbow Releasing,0,0.228,2002
69,Arrow Releasing,0,0.208,2002
70,Equinox,1,0.171,2002
71,Innovation Film Group,2,0.168,2002
72,Peninsula,1,0.144,2002
73,Milestone,1,0.141,2002
74,MAC Releasing,1,0.133,2002
75,Streetlight,1,0.129,2002
76,Artistic License,6,0.129,2002
77,Jenkins,1,0.112,2002
78,Leisure Time,1,0.102,2002
79,Castle Hill,3,0.09809999999999999,2002
80,Video Sound,1,0.09540000000000001,2002
81,Bandai,1,0.09409999999999999,2002
82,Venevision,2,0.09209999999999999,2002
83,DEJ,1,0.0792,2002
84,Vitagraph,1,0.07790000000000001,2002
85,Hanson Brothers,1,0.0752,2002
86,Ruff Nation,1,0.0706,2002
87,Ent. Highway,1,0.06520000000000001,2002
88,Cinema Guild,1,0.06520000000000001,2002
89,Five Sisters,1,0.0644,2002
90,MPE,1,0.060899999999999996,2002
91,Picture This!,1,0.0577,2002
92,National Amusements,1,0.055,2002
93,Access,0,0.0441,2002
94,Pathfinder,6,0.037700000000000004,2002
95,7th Art,5,0.0361,2002
96,Icarus Films,1,0.026600000000000002,2002
97,Gold Circle,1,0.0238,2002
98,Odyssey,1,0.0238,2002
99,Media Blasters,1,0.0181,2002
100,Seventh Art,4,0.0178,2002
101,Keystone,1,0.0176,2002
102,TLA Releasing,1,0.0175,2002
103,Gabriel Film Group,1,0.0159,2002
104,Open Edge,1,0.0116,2002
105,Exile,1,0.0101,2002
106,Flatland,1,0.008400000000000001,2002
107,Artmattan Prods.,2,0.0074,2002
108,Northern Arts,1,0.0062,2002
109,Tartan,1,0.0060999999999999995,2002
110,OFI,1,0.005,2002
111,Wanderman,1,0.0032,2002
112,Cheapo Films,1,0.0025,2002
113,Wine Women & Song,1,0.0022,2002
114,Dylan,1,0.0022,2002
115,Friedman-Nadler,1,0.0021000000000000003,2002
116,Boll Films,1,0.0015,2002
0,Buena Vista,19,1524.0,2003
1,Sony / Columbia,24,1197.1,2003
2,Warner Bros.,20,1178.2,2003
3,Universal,14,1069.6,2003
4,New Line,13,934.4,2003
5,20th Century Fox,16,774.0,2003
6,Paramount,15,654.1,2003
7,Miramax,19,407.3,2003
8,MGM/UA,15,371.4,2003
9,Dimension Films,4,289.7,2003
10,DreamWorks SKG,7,272.9,2003
11,Fox Searchlight,10,121.5,2003
12,Focus Features,8,104.9,2003
13,Lionsgate,14,54.4,2003
14,Sony Classics,19,33.0,2003
15,IMAX,1,27.1,2003
16,Artisan,5,23.9,2003
17,Newmarket,5,22.3,2003
18,IFC,8,21.1,2003
19,Odeon,7,12.3,2003
20,IDP,10,10.6,2003
21,ThinkFilm,7,9.5,2003
22,Alliance,7,9.1,2003
23,Fine Line,2,7.2,2003
24,Zeitgeist,4,6.4,2003
25,RS,3,5.8,2003
26,Paramount Classics,6,5.4,2003
27,SK Films,1,4.3,2003
28,Manhattan,1,3.7,2003
29,Eros,10,3.6,2003
30,Magnolia,3,3.2,2003
31,Equinox,1,3.0,2003
32,Wellspring,7,3.0,2003
33,N Wave,0,2.8,2003
34,Yash Raj,2,2.7,2003
35,Warren Miller,1,2.4,2003
36,Christal Films,5,2.3,2003
37,Palm,10,2.2,2003
38,WGB.,0,1.8,2003
39,New Yorker,11,1.6,2003
40,Innovation Film Group,6,1.6,2003
41,Roxie,0,1.5,2003
42,Strand,12,1.4,2003
43,Vitagraph,3,1.4,2003
44,Rajshri Intl.,2,1.3,2003
45,Chris.,2,1.3,2003
46,Mormon Movies,1,1.1,2003
47,Halestorm,1,1.1,2003
48,TVA,4,0.957,2003
49,Menemsha,2,0.865,2003
50,Cowboy,2,0.861,2003
51,First Run,8,0.849,2003
52,Rialto,5,0.801,2003
53,Seville,1,0.684,2003
54,Avatar,2,0.679,2003
55,Panorama,1,0.672,2003
56,Kino,7,0.666,2003
57,Indican,5,0.642,2003
58,First Look,5,0.608,2003
59,CAVU,1,0.595,2003
60,Sundance Film Series,4,0.587,2003
61,Gold Circle,1,0.57,2003
62,TLA Releasing,5,0.568,2003
63,Shadow Dist.,4,0.524,2003
64,Five & Two Pictures,0,0.521,2003
65,Small Planet,3,0.467,2003
66,Megastar,1,0.41,2003
67,MAC Releasing,3,0.4,2003
68,Five Sisters,0,0.392,2003
69,Excel,1,0.373,2003
70,Artistic License,3,0.368,2003
71,Tips,1,0.346,2003
72,Animation Show,1,0.304,2003
73,Arenaplex,2,0.291,2003
74,Video Sound,1,0.285,2003
75,Jet Films,1,0.261,2003
76,Regent Releasing,1,0.246,2003
77,Empire,3,0.203,2003
78,Media Partners,0,0.195,2003
79,Net Effect,2,0.192,2003
80,Films Philos,1,0.176,2003
81,Gatekeeper,1,0.165,2003
82,Lang Films,1,0.165,2003
83,Purple,1,0.138,2003
84,Venevision,2,0.123,2003
85,Picture This!,1,0.118,2003
86,Spark Media,1,0.107,2003
87,Music Masala Films,1,0.0857,2003
88,ADV Films,1,0.07759999999999999,2003
89,Cinema Guild,2,0.075,2003
90,Trillion,1,0.0717,2003
91,Rainbow Releasing,0,0.0576,2003
92,120 Degree Films,1,0.056100000000000004,2003
93,Small Island,1,0.0531,2003
94,Lifesize,1,0.0495,2003
95,7th Art,3,0.0487,2003
96,MPE,0,0.037700000000000004,2003
97,Castle Hill,3,0.037200000000000004,2003
98,Facets,2,0.0368,2003
99,Cinema Tropical,1,0.033100000000000004,2003
100,DEJ,1,0.0305,2003
101,Leisure Time,1,0.030199999999999998,2003
102,Lot 47,0,0.0246,2003
103,Strata Prods.,1,0.0214,2003
104,JF Productions,1,0.0198,2003
105,Spanish Moss,1,0.019399999999999997,2003
106,Pioneer,1,0.0162,2003
107,Cinema Four,5,0.0159,2003
108,Paradise Acres,1,0.0156,2003
109,Spit N' Glue,1,0.0149,2003
110,Arab Film Dist.,2,0.0143,2003
111,Hollywood Global,1,0.0115,2003
112,Fish Eye,1,0.0114,2003
113,Loop Filmworks,1,0.011300000000000001,2003
114,David Keith,1,0.011,2003
115,Film Movement,1,0.011,2003
116,Manifesto Films,1,0.0094,2003
117,Balcony Releasing,1,0.0089,2003
118,Icarus Films,0,0.0085,2003
119,Miracle Film Distribution,1,0.008,2003
120,Neverland,1,0.008,2003
121,Reliance Films,1,0.0075,2003
122,The Martindale Group,1,0.006900000000000001,2003
123,Testimony,1,0.0060999999999999995,2003
124,Outrider,2,0.0057,2003
125,Tidepoint Pictures,1,0.0046,2003
126,Arrival Pictures,1,0.004200000000000001,2003
127,Jour de Fete,1,0.0040999999999999995,2003
128,Off-Holywd. Dist.,1,0.0032,2003
129,Hiqi Media,1,0.0032,2003
130,Pathfinder,1,0.0016,2003
131,Running Entertainment,1,0.0016,2003
132,Emerging Pictures,1,0.0014,2003
133,"Exorcism The Movie, LLC",1,0.0013,2003
134,Rainforest,0,0.001,2003
135,Abramorama,1,0.001,2003
0,Sony / Columbia,17,1337.6,2004
1,Warner Bros.,22,1214.2,2004
2,Buena Vista,20,1159.1,2004
3,DreamWorks SKG,10,937.1,2004
4,20th Century Fox,14,930.0,2004
5,Universal,14,893.4,2004
6,Paramount,14,628.3,2004
7,New Line,10,430.2,2004
8,Newmarket,7,406.7,2004
9,Miramax,13,368.2,2004
10,Lionsgate,18,302.1,2004
11,MGM/UA,15,198.9,2004
12,Fox Searchlight,10,172.9,2004
13,Focus Features,5,94.5,2004
14,Sony Classics,22,41.0,2004
15,Rogue Pictures,2,30.6,2004
16,Dimension Films,1,20.8,2004
17,Giant Screen Films,0,16.6,2004
18,IMAX,1,15.0,2004
19,IDP,9,14.6,2004
20,Alliance,8,14.1,2004
21,Warner Independent,6,12.1,2004
22,Magnolia,10,10.5,2004
23,Fine Line,4,10.1,2004
24,Captured Light Distribution,1,10.0,2004
25,SK Films,0,9.7,2004
26,Triumph,1,9.2,2004
27,IFC,10,8.2,2004
28,ThinkFilm,11,7.0,2004
29,Christal Films,7,6.4,2004
30,Paramount Classics,9,6.3,2004
31,Televisa Cine,1,4.2,2004
32,Yash Raj,3,4.0,2004
33,Mulberry Square,1,3.8,2004
34,Eros,7,3.3,2004
35,New Yorker,5,2.9,2004
36,Wellspring,11,2.8,2004
37,Film Foundry,1,2.7,2004
38,N Wave,0,2.6,2004
39,Odeon,1,2.6,2004
40,TVA,2,2.6,2004
41,Excel,2,2.5,2004
42,Zeitgeist,7,2.4,2004
43,UTV Communications,3,1.8,2004
44,Luke Films,1,1.8,2004
45,Mongrel Media,1,1.6,2004
46,Halestorm,3,1.5,2004
47,Rialto,3,1.3,2004
48,Innovation Film Group,7,1.3,2004
49,Arenas Entertainment,2,1.1,2004
50,Zee TV,2,1.0,2004
51,TLA Releasing,6,0.998,2004
52,Kino,8,0.915,2004
53,Empire,5,0.856,2004
54,Regent Releasing,8,0.82,2004
55,Strand,15,0.725,2004
56,Cinema Libre Studio,3,0.723,2004
57,Rainbow Releasing,1,0.654,2004
58,Mormon Movies,0,0.556,2004
59,P & A Releasing,1,0.527,2004
60,Palm,12,0.506,2004
61,First Run,11,0.477,2004
62,Vitagraph,5,0.447,2004
63,Net Effect,2,0.425,2004
64,Artistic License,3,0.406,2004
65,Shadow Dist.,0,0.396,2004
66,Indican,5,0.376,2004
67,MAC Releasing,2,0.352,2004
68,Dada Films,2,0.348,2004
69,Seville,2,0.336,2004
70,First Look,3,0.305,2004
71,Cinema Service,1,0.298,2004
72,Slugger Pictures,1,0.295,2004
73,Emerging Pictures,2,0.275,2004
74,Shakey,1,0.256,2004
75,Tartan,4,0.248,2004
76,Menemsha,0,0.237,2004
77,Wild Rose,1,0.235,2004
78,Cinema Libre,1,0.213,2004
79,Unico Entertainment,1,0.201,2004
80,RBC Radio,1,0.193,2004
81,Lantern Lane,2,0.185,2004
82,Koch Lorber Films,1,0.166,2004
83,Cinema Guild,3,0.161,2004
84,Gatekeeper,0,0.147,2004
85,Unitel Pictures,1,0.133,2004
86,Pak Films / Shotwell Media,1,0.131,2004
87,7th Art,1,0.111,2004
88,Non-Fiction Films,1,0.111,2004
89,Slowhand Cinema,1,0.109,2004
90,Panorama,2,0.106,2004
91,Rainbow Films,1,0.0983,2004
92,Northern Arts,2,0.0952,2004
93,Citizens United,1,0.093,2004
94,Wolfe Releasing,3,0.0846,2004
95,Picture This!,3,0.0846,2004
96,Norador Productions,1,0.0829,2004
97,Painted Zebra Releasing,1,0.0813,2004
98,K Film,1,0.08,2004
99,Sister Films,0,0.0798,2004
100,Cristal,1,0.0787,2004
101,Every Tribe,1,0.0674,2004
102,Castle Hill,2,0.0663,2004
103,Abramorama,2,0.0655,2004
104,Mela Films,1,0.0649,2004
105,Icarus Films,3,0.0639,2004
106,Animation Show,0,0.062200000000000005,2004
107,Pathfinder,1,0.0582,2004
108,Artmattan Prods.,3,0.0554,2004
109,ISA Releasing,1,0.0443,2004
110,Jujitsu Films,1,0.0399,2004
111,Echelon Ent.,3,0.0376,2004
112,Avatar,3,0.0355,2004
113,Small Planet,2,0.031,2004
114,Zion,2,0.0298,2004
115,Screen Media,3,0.028300000000000002,2004
116,Organic Pictures,2,0.0272,2004
117,Artrution,1,0.0253,2004
118,RKO,1,0.025,2004
119,Magic Lamp,1,0.0216,2004
120,Sag Harbor Basement,1,0.020399999999999998,2004
121,Spit N' Glue,0,0.019399999999999997,2004
122,Small Island,0,0.0167,2004
123,Slamdance on the Road,1,0.016300000000000002,2004
124,Palo Alto Pictures,1,0.0157,2004
125,Hannover House,1,0.0152,2004
126,Illuminare Entertainment,1,0.014199999999999999,2004
127,Cinema Four,3,0.013900000000000001,2004
128,Film Movement,1,0.013,2004
129,Big Ain't Bad Prods.,1,0.0123,2004
130,Prime Media Pictures,1,0.0121,2004
131,Rogue Arts,1,0.0116,2004
132,Random Productions,1,0.0104,2004
133,Lifesize,1,0.0103,2004
134,Atopia,1,0.0091,2004
135,CAVU,0,0.008400000000000001,2004
136,Cafe Entertainment Studio,1,0.0076,2004
137,Films Philos,0,0.007,2004
138,Burton/Floyd,1,0.006900000000000001,2004
139,Sundance Film Series,1,0.0066,2004
140,Roxie,0,0.0047,2004
141,Leisure Time,2,0.0039,2004
142,Milestone,1,0.0037,2004
143,Plexifilm,1,0.0036,2004
144,Facets,1,0.0028,2004
145,Watch Releasing,1,0.0026,2004
146,RMH Media,1,0.0025,2004
147,Tag Entertainment,1,0.0025,2004
148,Five Sisters,0,0.0024,2004
149,Arab Film Dist.,1,0.0017,2004
150,Visionbox,1,0.0016,2004
151,Kathi Arts,1,0.0014,2004
152,Maxmedia/Endgame Pictures,1,0.0009,2004
153,Manhattan,0,0.0,2004
0,Warner Bros.,19,1377.1,2005
1,20th Century Fox,18,1353.9,2005
2,Universal,19,1010.2,2005
3,Buena Vista,17,921.5,2005
4,Sony / Columbia,24,917.8,2005
5,Paramount,12,832.2,2005
6,DreamWorks SKG,9,501.8,2005
7,New Line,10,420.5,2005
8,Lionsgate,18,284.0,2005
9,Dimension Films,6,185.1,2005
10,Miramax,14,183.7,2005
11,MGM/UA,9,181.5,2005
12,Warner Independent,6,114.5,2005
13,Focus Features,7,104.5,2005
14,Fox Searchlight,6,102.1,2005
15,Sony Classics,23,63.9,2005
16,Rogue Pictures,3,54.6,2005
17,Weinstein Company,7,46.9,2005
18,Paramount Classics,6,32.5,2005
19,IMAX,2,18.9,2005
20,IDP,9,17.6,2005
21,ThinkFilm,15,14.0,2005
22,N Wave,1,9.3,2005
23,Magnolia,8,9.2,2005
24,Newmarket,5,7.5,2005
25,IFC,12,7.3,2005
26,Eros,13,5.4,2005
27,Yash Raj,5,4.3,2005
28,Giant Screen Films,0,4.1,2005
29,Fine Line,3,4.0,2005
30,Shadow Dist.,5,3.4,2005
31,Aloha Releasing,1,3.0,2005
32,Slowhand Cinema,5,2.9,2005
33,Wellspring,10,2.8,2005
34,SK Films,0,2.7,2005
35,Picturehouse,4,2.7,2005
36,UTV Communications,5,2.5,2005
37,Excel,0,2.4,2005
38,Mongrel Media,1,2.3,2005
39,Vineyard Distribution,1,1.9,2005
40,Tartan,8,1.7,2005
41,Holedigger Studios,2,1.6,2005
42,Televisa Cine,2,1.4,2005
43,Emissary Productions,1,1.2,2005
44,"Monterey Media, Inc.",1,1.2,2005
45,Palm,7,1.1,2005
46,Freestyle Releasing,6,1.1,2005
47,Zeitgeist,5,1.0,2005
48,Empire,3,1.0,2005
49,Strand,10,0.968,2005
50,Captured Light Distribution,0,0.898,2005
51,Luke Films,0,0.852,2005
52,Indican,8,0.773,2005
53,Kino,9,0.768,2005
54,Regent Releasing,6,0.588,2005
55,Vitagraph,6,0.584,2005
56,New Yorker,7,0.573,2005
57,Halestorm,2,0.565,2005
58,Rialto,4,0.559,2005
59,Triumph,1,0.469,2005
60,Cinema Guild,3,0.379,2005
61,Northern Arts,1,0.337,2005
62,First Look,5,0.332,2005
63,Picture This!,6,0.331,2005
64,Mela Films,0,0.316,2005
65,TLA Releasing,7,0.283,2005
66,Animation Show,1,0.247,2005
67,First Run,11,0.233,2005
68,Bauer Martinez Distribution,1,0.205,2005
69,Main Street Movie Co.,1,0.203,2005
70,Arrival Pictures,1,0.203,2005
71,First Independent Pictures,1,0.176,2005
72,Lange Releasing,1,0.165,2005
73,Ariztical Entertainment,1,0.155,2005
74,Geneon Entertainment,1,0.129,2005
75,Emerging Pictures,1,0.124,2005
76,Matson Films,1,0.121,2005
77,Cinema Libre Studio,3,0.114,2005
78,Cinema Libre,3,0.114,2005
79,Koch Lorber Films,3,0.109,2005
80,Illuminare Entertainment,2,0.103,2005
81,International Film Circuit,1,0.0984,2005
82,Lovett Releasing,1,0.08929999999999999,2005
83,Meadowbrook Pictures,1,0.07959999999999999,2005
84,Goodbye Cruel Releasing,1,0.07709999999999999,2005
85,Avatar,1,0.076,2005
86,Maxmedia/Endgame Pictures,0,0.0737,2005
87,Innovation Film Group,1,0.0728,2005
88,Cineville,2,0.0724,2005
89,Jour de Fete,1,0.0721,2005
90,California Newsreel,1,0.0682,2005
91,"Kria, Inc.",3,0.06409999999999999,2005
92,Wolfe Releasing,2,0.053399999999999996,2005
93,Economic Projections,1,0.049,2005
94,Slippery Chicken Pictures,1,0.047200000000000006,2005
95,Five Sisters,0,0.046799999999999994,2005
96,Painted Zebra Releasing,0,0.046,2005
97,Echo Bridge Entertainment,1,0.045,2005
98,Laemmle / Zeller Films,2,0.0425,2005
99,Castle Hill,6,0.0373,2005
100,Artistic License,2,0.035,2005
101,Fader Films,1,0.0349,2005
102,Film Movement,1,0.0348,2005
103,Viz Media,1,0.0344,2005
104,RBC Radio,0,0.0343,2005
105,Rainbow Releasing,1,0.0319,2005
106,Icarus Films,3,0.0295,2005
107,Balcony Releasing,2,0.0293,2005
108,Menemsha,1,0.026699999999999998,2005
109,Pillen's Farm Pictures,1,0.0252,2005
110,Embrem Entertainment,1,0.0215,2005
111,7th Art,3,0.0201,2005
112,Arab Film Dist.,4,0.0188,2005
113,Fabrication Films,1,0.016800000000000002,2005
114,Lifesize,2,0.0152,2005
115,Cockeyed Caravan,1,0.0148,2005
116,High Cotton Films,1,0.012,2005
117,"Psychic Girls, LLC",1,0.0111,2005
118,Dada Films,0,0.011,2005
119,Silver Plane Films,1,0.0106,2005
120,Dinsdale Releasing,1,0.0103,2005
121,Margin,1,0.010199999999999999,2005
122,Artmattan Prods.,1,0.0094,2005
123,Filmmates Corp.,1,0.0091,2005
124,Rumur Releasing,1,0.008,2005
125,Unico Entertainment,1,0.0065,2005
126,Atopia,0,0.0053,2005
127,Big Fat Movies,1,0.0047,2005
128,Minority Films,1,0.0043,2005
129,Romar Entertainment,1,0.0037,2005
130,HB Filmworks,1,0.0033,2005
131,Rogue Arts,1,0.0028,2005
132,Hummingbird Pictures,1,0.0022,2005
133,Lumiere Productions,1,0.0019,2005
134,Leisure Time,1,0.0019,2005
135,Ent. Highway,1,0.0006,2005
136,Unknown,1,0.0004,2005
0,Sony / Columbia,27,1710.9,2006
1,Buena Vista,19,1492.6,2006
2,20th Century Fox,24,1398.4,2006
3,Warner Bros.,21,1065.8,2006
4,Paramount,16,947.3,2006
5,Universal,17,815.2,2006
6,Lionsgate,17,331.4,2006
7,New Line,10,251.5,2006
8,Weinstein Company,9,226.5,2006
9,MGM/UA,16,166.8,2006
10,Fox Searchlight,13,165.7,2006
11,Focus Features,7,118.5,2006
12,Rogue Pictures,4,65.4,2006
13,Sony Classics,17,60.4,2006
14,Miramax,9,45.9,2006
15,Yari Film Group,4,41.2,2006
16,Warner Independent,8,27.5,2006
17,Paramount Classics,4,26.9,2006
18,Picturehouse,6,23.9,2006
19,DreamWorks SKG,0,23.0,2006
20,Freestyle Releasing,9,20.0,2006
21,Paramount Vantage,1,19.8,2006
22,Alliance,8,18.0,2006
23,IDP,12,15.2,2006
24,IMAX,1,14.6,2006
25,8X Entertainment,1,13.4,2006
26,Rocky Mountain Pictures,5,12.1,2006
27,Magnolia,15,10.8,2006
28,ThinkFilm,21,10.7,2006
29,Yash Raj,4,8.3,2006
30,IFC,29,6.9,2006
31,N Wave,0,6.4,2006
32,UTV Communications,6,5.5,2006
33,Eros,9,4.4,2006
34,Wingate Distribution,1,3.1,2006
35,First Look,5,2.7,2006
36,AdLabs,4,2.6,2006
37,Romar Entertainment,1,2.4,2006
38,Rainbow Films,4,2.0,2006
39,Cineville,0,1.6,2006
40,SK Films,0,1.6,2006
41,Slowhand Cinema,5,1.2,2006
42,Shadow Dist.,2,1.2,2006
43,Zeitgeist,5,1.2,2006
44,Koch Lorber Films,3,1.1,2006
45,TLA Releasing,5,0.993,2006
46,Rialto,4,0.957,2006
47,"Libero, LLC",1,0.89,2006
48,Excel,1,0.71,2006
49,Palm,11,0.706,2006
50,Ram Entertainment,1,0.617,2006
51,First Run,9,0.588,2006
52,Regent Releasing,11,0.563,2006
53,Halestorm,2,0.544,2006
54,Newmarket,1,0.519,2006
55,Tartan,5,0.488,2006
56,Strand,14,0.472,2006
57,Echo Bridge Entertainment,1,0.472,2006
58,Triumph,1,0.464,2006
59,Indican,6,0.447,2006
60,Kino,7,0.426,2006
61,Cyan Pictures,2,0.425,2006
62,ABS-CBN International,3,0.417,2006
63,Cinema Guild,2,0.4,2006
64,First Independent Pictures,4,0.387,2006
65,Fabrication Films,1,0.383,2006
66,Giant Screen Films,0,0.377,2006
67,Truly Indie,8,0.318,2006
68,International Film Circuit,4,0.306,2006
69,Balcony Releasing,5,0.295,2006
70,Silver Nitrate,1,0.274,2006
71,Midnight Movies Entertainment,1,0.271,2006
72,SenArt/Scranton-Lacy Films,1,0.254,2006
73,The Bigger Picture,1,0.253,2006
74,New Yorker,7,0.245,2006
75,City Lights Pictures Releasing,2,0.225,2006
76,Five & Two Pictures,1,0.224,2006
77,120 Degree Films,1,0.21,2006
78,Wellspring,2,0.178,2006
79,Lovett Releasing,0,0.16,2006
80,First Stripe Productions,1,0.15,2006
81,Kindred Media Group,3,0.147,2006
82,Picture This!,3,0.143,2006
83,Cinema Libre,5,0.141,2006
84,Cinema Libre Studio,5,0.141,2006
85,Bauer Martinez Distribution,2,0.134,2006
86,Emerging Pictures,2,0.12,2006
87,7th Art,2,0.116,2006
88,Vineyard Distribution,0,0.11,2006
89,Janus Films,1,0.107,2006
90,518 Media,1,0.1,2006
91,Goodbye Cruel Releasing,1,0.0912,2006
92,California Newsreel,1,0.075,2006
93,Arab Film Dist.,3,0.0713,2006
94,Gigantic Releasing,1,0.06,2006
95,Meadowbrook Pictures,0,0.0587,2006
96,Icarus Films,4,0.056,2006
97,Gorilla Factory Productions,1,0.0554,2006
98,Reel Source,1,0.0536,2006
99,Maya Entertainment,1,0.052,2006
100,Thread Cross Films,1,0.047200000000000006,2006
101,Vitagraph,1,0.0418,2006
102,Pasidg Productions,0,0.040799999999999996,2006
103,Screen Media,1,0.0389,2006
104,Films Philos,1,0.0366,2006
105,"Millennium Films, Inc.",1,0.036,2006
106,At Risk Films,1,0.0354,2006
107,Skouras,1,0.0348,2006
108,Women Make Movies,1,0.033299999999999996,2006
109,Aloha Releasing,4,0.032799999999999996,2006
110,Unico Entertainment,1,0.028,2006
111,Ariztical Entertainment,1,0.0254,2006
112,Arrival Pictures,1,0.0237,2006
113,Quixotic Media,1,0.0229,2006
114,Screenland Films,1,0.0229,2006
115,Leisure Time,1,0.0205,2006
116,Skylight Pictures,1,0.0201,2006
117,Cinema Tropical,1,0.0198,2006
118,Mochary Films,1,0.0198,2006
119,Laemmle / Zeller Films,1,0.0179,2006
120,Abkco Films,1,0.0171,2006
121,Holedigger Studios,0,0.0156,2006
122,Fader Films,0,0.015,2006
123,Sakura Production USA,1,0.015,2006
124,HP Releasing,1,0.0148,2006
125,The 7th Floor,2,0.0148,2006
126,Rainbow Releasing,1,0.0126,2006
127,Tilapia Film,1,0.011800000000000001,2006
128,Sagewood Cinema Ventures,1,0.011800000000000001,2006
129,Newport Films,1,0.011,2006
130,Delphi Film Foundation,1,0.0094,2006
131,Empire,0,0.0081,2006
132,Microangelo Entertainment,1,0.0078,2006
133,Roxie,1,0.0075,2006
134,The Disinformation Co.,1,0.0075,2006
135,Andes Film Company,1,0.0070999999999999995,2006
136,Bill Plympton,1,0.0053,2006
137,Olive Films,1,0.0048,2006
138,Frontier Films,1,0.0048,2006
139,Castle Hill,1,0.0045,2006
140,Argot Pictures,1,0.0039,2006
141,Four Eyed Monsters,1,0.0031,2006
142,Unknown,1,0.003,2006
143,Dog Lover's Symphony,1,0.003,2006
144,ICA,1,0.0025,2006
145,Seventh Art,1,0.0022,2006
146,HB Filmworks,1,0.0022,2006
147,Artistic License,1,0.0022,2006
148,Movin' Picture Studios,1,0.002,2006
149,Artmattan Prods.,1,0.0019,2006
150,Film Movement,1,0.0014,2006
151,Gold Circle,1,0.0013,2006
152,Luke Films,0,0.0011,2006
153,Oilrag Productions,1,0.0008,2006
154,Bullz Eye Productions,1,0.0008,2006
0,Paramount,16,1499.3,2007
1,Warner Bros.,24,1417.4,2007
2,Buena Vista,13,1350.2,2007
3,Sony / Columbia,25,1245.6,2007
4,Universal,18,1101.9,2007
5,20th Century Fox,16,1017.7,2007
6,New Line,13,487.5,2007
7,Lionsgate,17,368.1,2007
8,MGM/UA,19,366.2,2007
9,Fox Searchlight,10,132.8,2007
10,Miramax,8,126.1,2007
11,Rogue Pictures,3,73.0,2007
12,Picturehouse,8,60.6,2007
13,Paramount Vantage,8,60.4,2007
14,Focus Features,6,51.0,2007
15,Sony Classics,18,38.9,2007
16,Weinstein Company,9,37.0,2007
17,IDP,7,22.5,2007
18,Warner Independent,5,15.7,2007
19,Yari Film Group,8,14.8,2007
20,IMAX,1,14.7,2007
21,Eros,13,13.6,2007
22,Freestyle Releasing,4,12.8,2007
23,Alliance,13,12.0,2007
24,ThinkFilm,21,11.4,2007
25,First Look,6,10.7,2007
26,IFC,30,9.3,2007
27,Roadside Attractions,7,8.8,2007
28,N Wave,0,8.6,2007
29,Chicago Pictures,1,6.9,2007
30,Magnolia,21,6.4,2007
31,After Dark Films,6,6.4,2007
32,Sony BMG,2,5.9,2007
33,National Geographic Entertainment,1,5.8,2007
34,Samuel Goldwyn,3,5.7,2007
35,The Bigger Picture,6,5.3,2007
36,Summit Entertainment,1,4.0,2007
37,Yash Raj,5,3.9,2007
38,AdLabs,2,2.1,2007
39,Slowhand Cinema,6,1.5,2007
40,UTV Communications,4,1.2,2007
41,Rocky Mountain Pictures,4,1.1,2007
42,Zeitgeist,2,1.1,2007
43,Kino,8,0.892,2007
44,"Libero, LLC",0,0.816,2007
45,518 Media,1,0.774,2007
46,SK Films,0,0.745,2007
47,Excel,1,0.717,2007
48,Rialto,3,0.652,2007
49,ImaginAsian Pictures,1,0.641,2007
50,City Lights Pictures Releasing,4,0.601,2007
51,Tartan,4,0.575,2007
52,Shadow Dist.,4,0.568,2007
53,Borotoro,1,0.488,2007
54,Strand,16,0.471,2007
55,Janus Films,5,0.456,2007
56,Rainbow Films,1,0.433,2007
57,Milestone,2,0.413,2007
58,Indican,3,0.406,2007
59,First Run,9,0.379,2007
60,Newmarket,2,0.365,2007
61,"Monterey Media, Inc.",4,0.346,2007
62,Koch Lorber Films,5,0.346,2007
63,New Yorker,7,0.335,2007
64,Emerging Pictures,6,0.332,2007
65,Arts Alliance America,1,0.303,2007
66,Palm,4,0.298,2007
67,Regent Releasing,9,0.293,2007
68,Vitagraph,2,0.279,2007
69,Vineyard Distribution,0,0.278,2007
70,8X Entertainment,1,0.258,2007
71,TLA Releasing,2,0.246,2007
72,TVA,1,0.245,2007
73,Anchor Bay Films,2,0.244,2007
74,Somerset Films,1,0.241,2007
75,International Film Circuit,7,0.211,2007
76,Film Sales Company,1,0.2,2007
77,Truly Indie,5,0.194,2007
78,Warrior Poets Releasing,1,0.193,2007
79,Balcony Releasing,3,0.193,2007
80,Luminous Velocity Releasing,2,0.181,2007
81,Rainbow Releasing,1,0.171,2007
82,Shemaroo,1,0.166,2007
83,Eleven Arts,2,0.145,2007
84,Arab Film Dist.,0,0.14,2007
85,Mountain Top Releasing,1,0.139,2007
86,Cinema Guild,2,0.127,2007
87,Abkco Films,1,0.118,2007
88,Priority Films,1,0.108,2007
89,"David & Layla, LLC",1,0.106,2007
90,Wildcat Releasing,1,0.105,2007
91,Outsider Pictures,2,0.099,2007
92,Reel Diva Consultants,4,0.0989,2007
93,Peace Arch Entertainment,1,0.0865,2007
94,Codeblack Entertainment,2,0.0859,2007
95,Gigantic Releasing,0,0.0633,2007
96,First Independent Pictures,2,0.0619,2007
97,7th Art,3,0.060200000000000004,2007
98,Screen Media,4,0.0538,2007
99,SeeThink Productions,1,0.049,2007
100,Tentmakers Entertainment,1,0.0455,2007
101,Capricorn Distribution,1,0.045399999999999996,2007
102,Xenon Pictures,2,0.0427,2007
103,Tilapia Film,0,0.0416,2007
104,Success Films,1,0.039200000000000006,2007
105,Lucid Dreaming Inc.,1,0.0389,2007
106,Elephant Eye Films,2,0.0371,2007
107,Lifesize,3,0.0358,2007
108,Halo8 Releasing,1,0.034,2007
109,Empire Film Group,1,0.032799999999999996,2007
110,Reliance Films,1,0.0327,2007
111,Icarus Films,6,0.0314,2007
112,Cinema Libre,3,0.030100000000000002,2007
113,Cinema Libre Studio,3,0.030100000000000002,2007
114,First Stripe Productions,0,0.0297,2007
115,Film Movement,2,0.0286,2007
116,Gringo Wedding LLC,1,0.0269,2007
117,Stand Up Films,1,0.0241,2007
118,Movie Partners,1,0.023600000000000003,2007
119,SchwarzSmith & Taskovski Films,1,0.0216,2007
120,Reel Source,1,0.0208,2007
121,Artistic License,1,0.0202,2007
122,Big Sky Productions,1,0.0189,2007
123,California Newsreel,0,0.0184,2007
124,Pocket Releasing,1,0.0184,2007
125,Artmattan Prods.,2,0.0175,2007
126,Abramorama,1,0.0175,2007
127,Either/Or Films,1,0.0169,2007
128,New Love Films,1,0.016800000000000002,2007
129,Lantern Lane,1,0.0158,2007
130,600 West,1,0.0156,2007
131,Sagewood Cinema Ventures,0,0.015,2007
132,Fox Meadows Films,1,0.013900000000000001,2007
133,Wringing Hands Prods.,1,0.0129,2007
134,Goodbye Cruel Releasing,0,0.0123,2007
135,Argot Pictures,1,0.012199999999999999,2007
136,Ariztical Entertainment,0,0.011699999999999999,2007
137,Picture This!,1,0.0114,2007
138,Cineville,1,0.0112,2007
139,Magic Lamp,1,0.0105,2007
140,Arthouse Films,1,0.0089,2007
141,Laemmle / Zeller Films,1,0.0089,2007
142,D Street Releasing,1,0.0083,2007
143,Unknown,1,0.008,2007
144,Union Station,1,0.008,2007
145,Green Forest Films,1,0.0070999999999999995,2007
146,The Documentary Group,1,0.0068,2007
147,Red Envelope Entertainment,2,0.0067,2007
148,Radio London Films,1,0.0064,2007
149,Mitropoulos Films,2,0.0058,2007
150,Lonely Seal Releasing,1,0.0039,2007
151,Jung N Restless Films,1,0.0038,2007
152,Diversa Films,1,0.0036,2007
153,Facets,1,0.003,2007
154,ArcAngelo Entertainment,1,0.0019,2007
155,Bullz Eye Productions,1,0.0015,2007
156,Outsider Films,1,0.0015,2007
157,Sky Island Films,1,0.0014,2007
0,Warner Bros.,20,1767.3,2008
1,Paramount,14,1577.0,2008
2,Sony / Columbia,20,1267.2,2008
3,Universal,18,1054.6,2008
4,20th Century Fox,20,1014.3,2008
5,Buena Vista,13,1011.7,2008
6,Lionsgate,19,436.8,2008
7,Summit Entertainment,5,226.5,2008
8,Fox Searchlight,6,214.8,2008
9,MGM/UA,12,160.8,2008
10,Focus Features,5,138.9,2008
11,Overture Films,8,103.1,2008
12,Miramax,8,81.7,2008
13,Paramount Vantage,8,81.1,2008
14,Picturehouse,5,64.0,2008
15,Rogue Pictures,2,63.6,2008
16,New Line,3,62.5,2008
17,Weinstein Company,7,48.8,2008
18,Samuel Goldwyn,7,41.5,2008
19,Sony Classics,19,41.1,2008
20,National Geographic Entertainment,1,24.2,2008
21,Freestyle Releasing,7,23.7,2008
22,IMAX,1,10.3,2008
23,Magnolia,23,9.9,2008
24,Roadside Attractions,11,8.3,2008
25,Rocky Mountain Pictures,2,8.1,2008
26,Vivendi Entertainment,2,7.5,2008
27,Paramount Classics,1,6.6,2008
28,Music Box Films,4,6.5,2008
29,UTV Communications,7,6.5,2008
30,ThinkFilm,10,6.2,2008
31,IFC,29,6.1,2008
32,3D Entertainment,1,5.2,2008
33,Eros,10,5.1,2008
34,Yash Raj,6,4.8,2008
35,First Look,7,2.9,2008
36,Warner Independent,4,2.3,2008
37,Studio 18,1,2.2,2008
38,Zeitgeist,6,2.0,2008
39,AdLabs,2,1.9,2008
40,Alliance,5,1.7,2008
41,Third Rail Releasing,8,1.6,2008
42,Strand,8,1.5,2008
43,Emerging Pictures,12,0.999,2008
44,Candlelight Media Group,1,0.882,2008
45,City Lights Pictures Releasing,4,0.854,2008
46,Crane Movie Company,1,0.72,2008
47,Kino,12,0.663,2008
48,Peace Arch Entertainment,5,0.61,2008
49,Abramorama,4,0.597,2008
50,First Run,10,0.569,2008
51,International Film Circuit,2,0.551,2008
52,Logo Features,1,0.533,2008
53,Regent Releasing,25,0.521,2008
54,Film Movement,5,0.493,2008
55,SenArt/Scranton-Lacy Films,1,0.488,2008
56,Rialto,4,0.46,2008
57,Maya Entertainment,6,0.392,2008
58,Slowhand Cinema,3,0.374,2008
59,Yari Film Group,1,0.36,2008
60,First Independent Pictures,3,0.328,2008
61,Oscilloscope Pictures,5,0.321,2008
62,Indican,5,0.319,2008
63,Cinema Guild,5,0.318,2008
64,Elephant Eye Films,1,0.299,2008
65,N Wave,0,0.287,2008
66,Super Chief Films,1,0.251,2008
67,Koch Lorber Films,3,0.237,2008
68,Anchor Bay Films,7,0.229,2008
69,Arenas Entertainment,1,0.225,2008
70,Redwood Palms Pictures,1,0.224,2008
71,Fair Trade Pictures,1,0.208,2008
72,Mitropoulos Films,1,0.189,2008
73,Shadow Dist.,1,0.176,2008
74,Truly Indie,3,0.174,2008
75,Image Entertainment,1,0.173,2008
76,Vitagraph,3,0.167,2008
77,Balcony Releasing,4,0.16,2008
78,Unknown,6,0.159,2008
79,Tentmakers Entertainment,0,0.156,2008
80,Outsider Pictures,1,0.152,2008
81,Dark Coast Pictures,1,0.145,2008
82,New Yorker,5,0.137,2008
83,Empire,1,0.132,2008
84,Screen Media,4,0.13,2008
85,Shemaroo,1,0.114,2008
86,"Monterey Media, Inc.",4,0.109,2008
87,TLA Releasing,1,0.105,2008
88,CAVU,2,0.09670000000000001,2008
89,Palm,2,0.094,2008
90,Typecast Releasing,1,0.0897,2008
91,Speak Productions,1,0.0867,2008
92,Cinema Libre Studio,5,0.0846,2008
93,Cinema Libre,5,0.0846,2008
94,Five & Two Pictures,1,0.0841,2008
95,Reel Diva Consultants,1,0.0799,2008
96,The Film Desk,3,0.07859999999999999,2008
97,Alluvial Film Company,1,0.07759999999999999,2008
98,Magic Lamp,1,0.07440000000000001,2008
99,Embrem Entertainment,1,0.0726,2008
100,Film Sales Company,1,0.0717,2008
101,Borotoro,0,0.0696,2008
102,Xenon Pictures,1,0.0692,2008
103,Stone Five Studios,1,0.0677,2008
104,Eleven Arts,1,0.060899999999999996,2008
105,InterPositive Media,1,0.0603,2008
106,Myriad Pictures,1,0.0587,2008
107,Priority Films,0,0.0584,2008
108,Sidetrack Films,1,0.0564,2008
109,Somerset Films,0,0.0511,2008
110,Janus Films,2,0.0451,2008
111,Waldo West Productions,1,0.0439,2008
112,Hannover House,1,0.0422,2008
113,Liberation Entertainment,3,0.0342,2008
114,Cavalier Films,1,0.031100000000000003,2008
115,Milestone,1,0.030899999999999997,2008
116,Icarus Films,1,0.0303,2008
117,Variance Films,1,0.0303,2008
118,MCR Releasing,1,0.0298,2008
119,Unison Films,1,0.0223,2008
120,New Love Films,0,0.0208,2008
121,Laemmle / Zeller Films,1,0.020399999999999998,2008
122,Reel Source,1,0.0197,2008
123,Menemsha,1,0.0193,2008
124,Arts Alliance America,2,0.018600000000000002,2008
125,North American Film Theatrical Corp,1,0.0172,2008
126,"David & Layla, LLC",0,0.0152,2008
127,Anywhere Road,1,0.0143,2008
128,Troma,1,0.013800000000000002,2008
129,The Bigger Picture,3,0.013699999999999999,2008
130,Mile End Films,1,0.0123,2008
131,Mandt Bros. Productions,1,0.012,2008
132,Sky Island Films,1,0.0116,2008
133,Lafayette Films,1,0.0103,2008
134,River Rain,1,0.009800000000000001,2008
135,Blowtorch Entertainment,1,0.0094,2008
136,Diversa Films,0,0.009300000000000001,2008
137,Direct Cinema Limited,1,0.008400000000000001,2008
138,Engel Entertainment,1,0.0077,2008
139,Warrior Poets Releasing,0,0.0068,2008
140,Outsider Films,1,0.0067,2008
141,Abkco Films,0,0.0062,2008
142,Mountain Top Releasing,1,0.0054,2008
143,Artistic License,1,0.0031,2008
144,MPI Media Group,1,0.0026,2008
145,Lantern Lane,1,0.0021000000000000003,2008
146,ImaginAsian Pictures,2,0.001,2008
147,Lavendar House Films,1,0.0006,2008
0,Warner Bros.,28,2105.7,2009
1,Paramount,13,1476.1,2009
2,Sony / Columbia,21,1456.2,2009
3,20th Century Fox,16,1394.5,2009
4,Buena Vista,18,1228.8,2009
5,Universal,17,890.3,2009
6,Summit Entertainment,9,482.5,2009
7,Lionsgate,12,406.0,2009
8,Fox Searchlight,9,257.1,2009
9,Weinstein Company,8,205.3,2009
10,Focus Features,9,161.5,2009
11,Overture Films,6,157.8,2009
12,Paramount Vantage,3,66.4,2009
13,MGM/UA,1,65.2,2009
14,Miramax,5,61.9,2009
15,New Line,1,49.2,2009
16,Sony Classics,20,48.7,2009
17,Rogue Pictures,1,23.1,2009
18,Apparition,4,16.5,2009
19,Freestyle Releasing,6,12.7,2009
20,Magnolia,25,12.6,2009
21,Roadside Attractions,11,11.3,2009
22,IFC,25,10.5,2009
23,IMAX,0,8.0,2009
24,Eros,6,6.2,2009
25,UTV Communications,8,4.1,2009
26,Samuel Goldwyn,8,3.8,2009
27,National Geographic Entertainment,1,3.6,2009
28,Reliance Big Pictures,1,3.3,2009
29,Regent Releasing,11,2.6,2009
30,3D Entertainment,0,2.0,2009
31,Story Island Entertainment,1,2.0,2009
32,Oscilloscope Pictures,6,2.0,2009
33,Yash Raj,3,1.9,2009
34,Truly Indie,5,1.8,2009
35,Music Box Films,4,1.8,2009
36,Vivendi Entertainment,3,1.6,2009
37,First Look,1,1.4,2009
38,AdLabs,7,1.4,2009
39,International Film Circuit,4,1.3,2009
40,Five & Two Pictures,1,1.2,2009
41,Indican,5,1.1,2009
42,Slowhand Cinema,4,0.872,2009
43,Zeitgeist,9,0.81,2009
44,Screen Media,7,0.801,2009
45,8X Entertainment,1,0.742,2009
46,Strand,12,0.74,2009
47,Abramorama,4,0.727,2009
48,After Dark Films,1,0.666,2009
49,Studio 18,4,0.66,2009
50,Shorts International,1,0.645,2009
51,Vitagraph,2,0.523,2009
52,Cinema Guild,5,0.523,2009
53,American Zoetrope,1,0.519,2009
54,First Run,13,0.488,2009
55,Elephant Eye Films,1,0.486,2009
56,Shadow Dist.,4,0.479,2009
57,Anchor Bay Films,8,0.473,2009
58,,8,0.404,2009
59,Full Circle Releasing,1,0.398,2009
60,Zipporah Films,1,0.395,2009
61,Liberation Entertainment,1,0.352,2009
62,Variance Films,6,0.338,2009
63,First Independent Pictures,2,0.336,2009
64,Janus Films,1,0.318,2009
65,Cinedigm Entertainment,3,0.315,2009
66,Kino,3,0.307,2009
67,Senator Distribution,1,0.3,2009
68,Arthouse Films,3,0.293,2009
69,Rialto,4,0.287,2009
70,Balcony Releasing,1,0.269,2009
71,Argot Pictures,4,0.228,2009
72,Big Pictures,1,0.199,2009
73,Unknown,5,0.176,2009
74,Third Rail Releasing,2,0.175,2009
75,Image Entertainment,2,0.168,2009
76,Variance / Everest,1,0.164,2009
77,Koch Lorber Films,2,0.164,2009
78,"Monterey Media, Inc.",9,0.164,2009
79,Maya Entertainment,4,0.162,2009
80,Peace Arch Entertainment,2,0.142,2009
81,The Film Desk,4,0.136,2009
82,Hannover House,1,0.124,2009
83,Empire Film Group,1,0.124,2009
84,Eleven Arts,2,0.113,2009
85,Paladin,2,0.0861,2009
86,Lorber Films,4,0.08209999999999999,2009
87,Palisades Tartan,2,0.08159999999999999,2009
88,Cinema Libre,3,0.065,2009
89,Cinema Libre Studio,3,0.065,2009
90,Mitropoulos Films,2,0.0634,2009
91,Emerging Pictures,1,0.0545,2009
92,Audience Alliance,1,0.0541,2009
93,21st Century Film Production,1,0.0501,2009
94,Sky Island Films,1,0.0476,2009
95,Wave Releasing,1,0.0471,2009
96,Bev Pictures,1,0.0448,2009
97,Speak Productions,0,0.0371,2009
98,Corinth Films,1,0.0368,2009
99,Mypheduh Films,1,0.030100000000000002,2009
100,MSK Productions,1,0.0286,2009
101,Trela Media,1,0.027100000000000003,2009
102,ThinkFilm,0,0.0253,2009
103,Roebuck Media,1,0.024399999999999998,2009
104,New American Vision,1,0.0228,2009
105,Embrem Entertainment,1,0.0185,2009
106,Film Movement,1,0.016,2009
107,Aliquot Films,1,0.011800000000000001,2009
108,Nocturnal Features,3,0.0114,2009
109,Wildcat Releasing,1,0.011,2009
110,Mangusta Productions,1,0.0099,2009
111,Inspired Life,1,0.009800000000000001,2009
112,River Rain,0,0.0085,2009
113,Fair Trade Pictures,0,0.0076,2009
114,Tentmakers Entertainment,0,0.0068,2009
115,Osiris Entertainment,1,0.0065,2009
116,Sumbadhat Productions,1,0.006,2009
117,28 Entertainment,1,0.0043,2009
118,Cavalier Films,0,0.003,2009
119,New Love Films,0,0.0026,2009
120,Yeah,1,0.001,2009
0,Warner Bros.,27,1923.9,2010
1,Paramount,14,1713.8,2010
2,20th Century Fox,17,1482.2,2010
3,Buena Vista,14,1456.4,2010
4,Sony / Columbia,18,1282.9,2010
5,Universal,15,882.0,2010
6,Summit Entertainment,8,523.2,2010
7,Lionsgate,14,516.1,2010
8,Fox Searchlight,8,152.6,2010
9,New Line,1,110.5,2010
10,Overture Films,5,81.8,2010
11,Weinstein Company,7,80.6,2010
12,Focus Features,6,74.9,2010
13,CBS Films,3,72.4,2010
14,Sony Classics,20,62.9,2010
15,MGM/UA,1,50.3,2010
16,Miramax,2,28.0,2010
17,Music Box Films,8,24.4,2010
18,Paramount Vantage,3,20.4,2010
19,Apparition,2,13.4,2010
20,Anchor Bay Films,7,11.7,2010
21,Samuel Goldwyn,7,11.1,2010
22,Roadside Attractions,9,9.9,2010
23,IFC,36,9.7,2010
24,Magnolia,24,9.0,2010
25,Eros,8,6.1,2010
26,Reliance Big Pictures,4,6.1,2010
27,UTV Communications,8,5.9,2010
28,Relativity,1,5.6,2010
29,IMAX,0,4.6,2010
30,Freestyle Releasing,8,4.1,2010
31,Producers Distribution Agency,1,3.3,2010
32,Rogue Pictures,1,3.2,2010
33,National Geographic Entertainment,2,3.0,2010
34,Vivendi Entertainment,1,2.8,2010
35,Oscilloscope Pictures,9,1.9,2010
36,Screen Media,3,1.9,2010
37,Zeitgeist,5,1.5,2010
38,Kino,7,1.5,2010
39,Bluff City Films,1,1.4,2010
40,First Run,15,1.1,2010
41,IndustryWorks,1,1.0,2010
42,Shorts International,1,1.0,2010
43,Newmarket,2,0.961,2010
44,Five & Two Pictures,1,0.954,2010
45,Lorber Films,10,0.85,2010
46,GKIDS,2,0.686,2010
47,Indican,11,0.675,2010
48,Strand,14,0.539,2010
49,Rocky Mountain Pictures,1,0.532,2010
50,CJ Entertainment,1,0.528,2010
51,8X Entertainment,1,0.515,2010
52,CanZion Films,1,0.492,2010
53,Rialto,2,0.488,2010
54,Cinema Guild,5,0.478,2010
55,3D Entertainment,1,0.469,2010
56,Variance Films,6,0.426,2010
57,Unknown,3,0.417,2010
58,Vitagraph,3,0.403,2010
59,First Look,2,0.386,2010
60,Abramorama,3,0.367,2010
61,China Lion,2,0.365,2010
62,Arthouse Films,2,0.358,2010
63,Blue Collar Releasing,1,0.353,2010
64,First Independent Pictures,1,0.307,2010
65,Paladin,5,0.276,2010
66,Hannover House,2,0.249,2010
67,Drafthouse,1,0.234,2010
68,Parallel Media,1,0.224,2010
69,Cinema Libre,2,0.218,2010
70,Cinema Libre Studio,2,0.218,2010
71,International Film Circuit,3,0.217,2010
72,7-57 Releasing,1,0.211,2010
73,Zipporah Films,1,0.204,2010
74,Flashlight,1,0.189,2010
75,ATO Pictures,1,0.179,2010
76,JS Media & Entertainment,1,0.177,2010
77,Balcony Releasing,3,0.171,2010
78,"Monterey Media, Inc.",2,0.168,2010
79,Janus Films,1,0.15,2010
80,New Yorker,1,0.148,2010
81,The Film Desk,3,0.146,2010
82,New Films Cinema,1,0.139,2010
83,eOne Entertainment,1,0.138,2010
84,CFI Releasing,1,0.116,2010
85,Argot Pictures,3,0.108,2010
86,Cinema Purgatorio,7,0.108,2010
87,Worldplay,1,0.107,2010
88,Four of a Kind,1,0.107,2010
89,IndieVest Pictures,1,0.103,2010
90,Red Flag Releasing,1,0.1,2010
91,Regent Releasing,9,0.098,2010
92,Elephant Eye Films,0,0.09040000000000001,2010
93,Moving Pictures Institute,1,0.0878,2010
94,Mangusta Productions,2,0.08059999999999999,2010
95,,0,0.0792,2010
96,Film Movement,4,0.07379999999999999,2010
97,Shadow Dist.,2,0.0668,2010
98,Sky Island Films,0,0.0648,2010
99,Truly Indie,2,0.0621,2010
100,The Film Collaborative,1,0.055799999999999995,2010
101,Wolfe Releasing,1,0.055799999999999995,2010
102,Walking Shadows,1,0.0546,2010
103,Eleven Arts,1,0.054,2010
104,Nocturnal Features,1,0.0533,2010
105,Image Entertainment,2,0.0528,2010
106,Grassroots Films,1,0.0523,2010
107,Darius Films,1,0.0445,2010
108,Yash Raj,1,0.0438,2010
109,Milestone,1,0.0418,2010
110,Phase 4,3,0.0334,2010
111,International WOW,1,0.0308,2010
112,Morning Star,1,0.030199999999999998,2010
113,MAC Releasing,1,0.0297,2010
114,New American Vision,1,0.0263,2010
115,Ripple Effect Inc.,1,0.0251,2010
116,Flicker Alley,1,0.024300000000000002,2010
117,Olive Films,4,0.023600000000000003,2010
118,Cabin Films,1,0.0225,2010
119,Mountain Top Releasing,1,0.0198,2010
120,People Pictures,1,0.019100000000000002,2010
121,Artigo/Ajemian,1,0.0156,2010
122,Delaware Pictures,1,0.0155,2010
123,The World According to Shorts,1,0.0152,2010
124,All Rise Films,1,0.0145,2010
125,MPI Media Group,1,0.0135,2010
126,Area23a,1,0.013,2010
127,Dada Films,1,0.011699999999999999,2010
128,Embrem Entertainment,1,0.0116,2010
129,Peaches Christ,1,0.008,2010
130,Real Bean,1,0.007,2010
131,TLA Releasing,1,0.006,2010
132,Winter Star,1,0.0057,2010
133,Rockstone Releasing,1,0.0052,2010
134,Saint Juste,1,0.0046,2010
135,North Poplar Pictures,1,0.0038,2010
136,Reel Diva Consultants,1,0.002,2010
137,Clay Way Media,1,0.0016,2010
138,Driving With Our Eyes Shut,1,0.0015,2010
139,Seven Arts Distribution,1,0.0009,2010
140,Trillian,1,0.0001,2010
0,Paramount,15,1957.1,2011
1,Warner Bros.,26,1826.2,2011
2,Sony / Columbia,23,1273.7,2011
3,Buena Vista,14,1240.7,2011
4,Universal,15,1040.6,2011
5,20th Century Fox,15,977.9,2011
6,Summit Entertainment,8,411.6,2011
7,Weinstein Company,15,296.1,2011
8,Relativity,7,228.1,2011
9,Lionsgate,12,184.0,2011
10,Fox Searchlight,11,152.4,2011
11,Focus Features,8,126.9,2011
12,FilmDistrict,5,126.0,2011
13,Sony Classics,17,90.2,2011
14,CBS Films,2,57.4,2011
15,Roadside Attractions,12,28.0,2011
16,Open Road Films,1,25.1,2011
17,IFC,41,17.6,2011
18,Eros,14,11.2,2011
19,Codeblack Entertainment,1,7.7,2011
20,Magnolia,26,7.7,2011
21,Samuel Goldwyn,8,6.5,2011
22,Reliance Big Pictures,5,6.3,2011
23,Producers Distribution Agency,2,5.8,2011
24,Rocky Mountain Pictures,3,5.0,2011
25,3D Entertainment,0,4.5,2011
26,Visio Entertainment,1,4.4,2011
27,Music Box Films,11,4.1,2011
28,UTV Communications,9,3.5,2011
29,Paramount Vantage,1,3.4,2011
30,Newmarket,1,2.7,2011
31,IMAX,0,2.6,2011
32,Zeitgeist,5,2.3,2011
33,National Geographic Entertainment,6,1.9,2011
34,Quaker Media,1,1.9,2011
35,Paladin,6,1.8,2011
36,Anchor Bay Films,9,1.6,2011
37,Freestyle Releasing,7,1.6,2011
38,ATO Pictures,1,1.5,2011
39,Oscilloscope Pictures,7,1.4,2011
40,Shorts International,1,1.4,2011
41,International Film Circuit,5,1.3,2011
42,Omni Lab/Freestyle Releasing,1,1.2,2011
43,SModcast Pictures,1,1.1,2011
44,First Run,15,1.0,2011
45,Variance Films,14,1.0,2011
46,Abramorama,3,0.995,2011
47,Strand,14,0.971,2011
48,China Lion,9,0.818,2011
49,Cohen Media Group,3,0.81,2011
50,Pascack Media,1,0.74,2011
51,NeoClassics Films,1,0.708,2011
52,Kino,4,0.663,2011
53,KKM,1,0.535,2011
54,Vitagraph,2,0.521,2011
55,Bubble Distribution,1,0.509,2011
56,Yash Raj,1,0.496,2011
57,Nocturnal Features,4,0.471,2011
58,Indomina Media,1,0.46,2011
59,Cinema Guild,4,0.433,2011
60,CanZion Films,0,0.423,2011
61,Janus Films,1,0.418,2011
62,Hannover House,3,0.418,2011
63,Wrekin Hill,1,0.383,2011
64,Peace Film,1,0.369,2011
65,Lorber Films,9,0.352,2011
66,Screen Media,5,0.342,2011
67,Alive Mind Cinema,6,0.319,2011
68,Area23a,3,0.313,2011
69,Kino Classics,3,0.309,2011
70,Image Entertainment,4,0.301,2011
71,Rialto,4,0.256,2011
72,CJ Entertainment,1,0.251,2011
73,Submarine Deluxe,2,0.249,2011
74,Five & Two Pictures,1,0.247,2011
75,Dada Films,3,0.233,2011
76,Millennium Ent.,3,0.213,2011
77,Eleven Arts,2,0.196,2011
78,AFFRM,2,0.171,2011
79,Unknown,3,0.159,2011
80,Icarus Films,2,0.156,2011
81,Motion Film Group,1,0.149,2011
82,The Film Desk,5,0.148,2011
83,New Yorker,1,0.131,2011
84,Tribeca Film,3,0.13,2011
85,Cinema Purgatorio,2,0.126,2011
86,Phase 4,4,0.123,2011
87,Arc Entertainment,1,0.116,2011
88,Insurgent Releasing,1,0.116,2011
89,Film Movement,7,0.112,2011
90,Moving Pictures,1,0.103,2011
91,"Monterey Media, Inc.",4,0.0987,2011
92,Balcony Releasing,2,0.09720000000000001,2011
93,Full Moon Pictures,1,0.091,2011
94,GKIDS,1,0.0884,2011
95,Arthouse Films,0,0.0859,2011
96,Truly Indie,3,0.0858,2011
97,Saint Juste,0,0.0849,2011
98,Drafthouse,0,0.0703,2011
99,Life Sentence Films/mTuckman Media,1,0.0603,2011
100,Indican,3,0.0598,2011
101,Cinedigm Entertainment,2,0.0571,2011
102,Kristin Marie Productions,1,0.056600000000000004,2011
103,Argot Pictures,2,0.056299999999999996,2011
104,Miramax,0,0.054299999999999994,2011
105,Long Shot Factory,2,0.053700000000000005,2011
106,The Film Collaborative,0,0.052899999999999996,2011
107,Rocket Releasing,2,0.0498,2011
108,Kino Lorber,3,0.0465,2011
109,Crimson Films/PMK*BNC,1,0.0437,2011
110,B.D. Fox,1,0.0419,2011
111,Shotown Pictures,1,0.0404,2011
112,108 Pics,1,0.035,2011
113,Docurama Films,1,0.0346,2011
114,Corinth Films,1,0.0341,2011
115,Category One,1,0.027,2011
116,The World According to Shorts,0,0.0232,2011
117,Olive Films,1,0.019600000000000003,2011
118,CrowdStarter,1,0.019100000000000002,2011
119,Wolfe Releasing,0,0.019,2011
120,Rumur Releasing,1,0.018,2011
121,Alpha Galore,1,0.0158,2011
122,Clay Way Media,0,0.015300000000000001,2011
123,FilmDemic,1,0.015,2011
124,Maya Entertainment,1,0.013800000000000002,2011
125,Tostie Productions,1,0.013099999999999999,2011
126,PMK*BNC,1,0.0124,2011
127,Fisher-Klingenstein Films,1,0.0121,2011
128,Bigfoot Ascendant,1,0.012,2011
129,Check Entertainment,1,0.011,2011
130,CAVU,1,0.0096,2011
131,Worldplay,0,0.0095,2011
132,Entertainment One,1,0.006,2011
133,Cinema Libre Studio,2,0.0055,2011
134,Driving With Our Eyes Shut,1,0.0053,2011
135,Kinobild Releasing,1,0.0052,2011
136,Cinema Libre,1,0.0052,2011
137,Extra Butter,1,0.004,2011
138,The Nobelity Project,1,0.0035,2011
139,AfterLight,1,0.0028,2011
140,Embrem Entertainment,0,0.0017,2011
141,Blackrock Films,1,0.0015,2011
142,Trillian,0,0.0011,2011
143,Breaking Glass Pictures,1,0.001,2011
144,Flicker Alley,0,0.0007,2011
145,Found-Charger Cinema,1,0.0003,2011
0,Sony / Columbia,19,1792.2,2012
1,Warner Bros.,24,1665.4,2012
2,Buena Vista,13,1551.4,2012
3,Universal,16,1323.9,2012
4,Lionsgate,22,1239.1,2012
5,20th Century Fox,15,1025.4,2012
6,Paramount,14,914.4,2012
7,New Line,2,332.4,2012
8,Weinstein Company,15,258.2,2012
9,Relativity,5,202.4,2012
10,Focus Features,8,144.6,2012
11,Open Road Films,5,136.4,2012
12,Fox Searchlight,7,117.8,2012
13,CBS Films,4,89.9,2012
14,FilmDistrict,4,75.0,2012
15,Sony Classics,16,50.0,2012
16,Rocky Mountain Pictures,8,37.4,2012
17,Roadside Attractions,10,19.4,2012
18,Magnolia,32,16.5,2012
19,Summit Entertainment,0,16.2,2012
20,Eros,16,13.8,2012
21,IFC,37,13.8,2012
22,Millennium Ent.,9,11.3,2012
23,Samuel Goldwyn,9,9.7,2012
24,Arc Entertainment,3,9.2,2012
25,LD Entertainment,2,8.8,2012
26,UTV Communications,15,6.5,2012
27,Yash Raj,3,5.4,2012
28,Oscilloscope Pictures,8,5.1,2012
29,Paramount Vantage,2,4.4,2012
30,National Geographic Entertainment,1,4.0,2012
31,Music Box Films,11,3.9,2012
32,Reliance Big Pictures,1,3.6,2012
33,Cohen Media Group,6,3.5,2012
34,Atlas Distribution,1,3.3,2012
35,3D Entertainment,1,2.9,2012
36,IMAX,0,2.3,2012
37,Entertainment One,7,2.2,2012
38,Indomina Media,4,1.9,2012
39,Branded/Peck Ent.,1,1.8,2012
40,Shorts International,1,1.7,2012
41,China Lion,12,1.7,2012
42,ATO Pictures,4,1.3,2012
43,CJ Entertainment,3,1.3,2012
44,Kino Lorber,20,1.2,2012
45,FIP,1,1.2,2012
46,Codeblack Entertainment,1,1.2,2012
47,Kenn Viselman Presents,1,1.1,2012
48,Veracity,1,1.0,2012
49,Anchor Bay Films,7,0.997,2012
50,Well Go USA,5,0.937,2012
51,Submarine Deluxe,2,0.863,2012
52,Variance Films,6,0.827,2012
53,Page 124 Productions,1,0.769,2012
54,Nocturnal Features,5,0.763,2012
55,Strand,16,0.746,2012
56,GKIDS,4,0.678,2012
57,Radius-TWC,5,0.649,2012
58,Zeitgeist,5,0.62,2012
59,Producers Distribution Agency,2,0.479,2012
60,Arenas Entertainment,0,0.451,2012
61,Cinema Guild,9,0.419,2012
62,International Film Circuit,5,0.411,2012
63,First Run,19,0.398,2012
64,Wrekin Hill,3,0.382,2012
65,Loki Films,1,0.376,2012
66,MPI Media Group,2,0.364,2012
67,Tribeca Film,12,0.343,2012
68,Drafthouse,5,0.34,2012
69,Eleven Arts,2,0.311,2012
70,Adopt Films,2,0.306,2012
71,Rialto,7,0.303,2012
72,Callbox LLC,1,0.289,2012
73,The Film Arcade,2,0.286,2012
74,Paladin/Unison,1,0.256,2012
75,Long Shot Factory,2,0.251,2012
76,AFFRM,2,0.245,2012
77,Janus Films,2,0.244,2012
78,Abramorama,2,0.219,2012
79,Area23a,4,0.215,2012
80,ArtAffects,1,0.178,2012
81,Cinedigm/Brian&Barrett,1,0.172,2012
82,Brainstorm and Double Hope,1,0.166,2012
83,Dada Films,3,0.161,2012
84,Zipporah Films,1,0.158,2012
85,New Yorker,2,0.158,2012
86,Indican,9,0.157,2012
87,Film Movement,6,0.126,2012
88,Screen Media,2,0.117,2012
89,Paladin,3,0.114,2012
90,Freestyle Releasing,3,0.106,2012
91,Alive Mind Cinema,2,0.104,2012
92,PMK*BNC,2,0.104,2012
93,In the Family,0,0.102,2012
94,The Film Desk,3,0.0997,2012
95,Sycamore,1,0.0836,2012
96,Cinedigm Entertainment,3,0.08220000000000001,2012
97,Palisades Tartan,1,0.0755,2012
98,"Monterey Media, Inc.",6,0.074,2012
99,Hannover House,1,0.0732,2012
100,Snagfilms,2,0.061700000000000005,2012
101,Tyscot Manhaddon & Releve,1,0.054,2012
102,Flicker Alley,1,0.053,2012
103,S2BN Films,1,0.047700000000000006,2012
104,Outsider Films,2,0.047,2012
105,Fisher-Klingenstein Films,1,0.0436,2012
106,Kino Classics,0,0.0415,2012
107,Slater Brothers,2,0.0365,2012
108,NeoClassics Films,1,0.0357,2012
109,Brainstorm Media,2,0.033100000000000004,2012
110,Cinema Libre Studio,2,0.0324,2012
111,Joules Films,1,0.030699999999999998,2012
112,Image Entertainment,2,0.0273,2012
113,House Lights Media,2,0.0257,2012
114,APD/Cinema Conservancy,2,0.0254,2012
115,Cinema Conservancy,2,0.0247,2012
116,Red Flag Releasing,2,0.023,2012
117,Icarus Films,5,0.0228,2012
118,The Film Collaborative,2,0.022699999999999998,2012
119,Better Than Something,1,0.0217,2012
120,Pasidg Productions,1,0.0216,2012
121,KKM,0,0.0205,2012
122,Truly Indie,2,0.019100000000000002,2012
123,Unknown,1,0.0189,2012
124,Argot Pictures,2,0.0188,2012
125,Outsider Pictures,1,0.018,2012
126,Gigapix Releasing,1,0.018,2012
127,Dutchmen Films,1,0.016,2012
128,GoDigital,1,0.0146,2012
129,Epic Pictures,1,0.0144,2012
130,Secret Identity,1,0.0141,2012
131,Datari Turner Productions,1,0.0135,2012
132,7A Productions,1,0.013099999999999999,2012
133,Pro-Motion Pictures,1,0.009,2012
134,Pelican House,1,0.0086,2012
135,Cinema Purgatorio,0,0.0060999999999999995,2012
136,Transparent/Outerstratosphere,1,0.006,2012
137,Docurama Films,0,0.006,2012
138,Driving With Our Eyes Shut,0,0.0055,2012
139,Shotown Pictures,0,0.0048,2012
140,Corinth/TV360,1,0.0038,2012
141,Gravity Arch,1,0.0037,2012
142,Breaking Glass Pictures,1,0.0032,2012
143,AfterLight,1,0.0026,2012
144,Cortelyou Films,1,0.0022,2012
145,Worldplay,0,0.0021000000000000003,2012
146,Found-Charger Cinema,1,0.0021000000000000003,2012
147,Cinema Libre,0,0.002,2012
148,Feature Presentations Releasing,1,0.002,2012
149,KimStim/Zeitgeist Films,1,0.0014,2012
150,Kino,0,0.0007,2012
0,Warner Bros.,26,1863.8,2013
1,Buena Vista,10,1711.0,2013
2,Universal,16,1433.3,2013
3,Sony / Columbia,15,1144.6,2013
4,Lionsgate,21,1069.5,2013
5,20th Century Fox,14,1064.2,2013
6,Paramount,10,966.9,2013
7,New Line,4,586.3,2013
8,Weinstein Company,16,491.7,2013
9,Relativity,9,241.5,2013
10,FilmDistrict,5,214.9,2013
11,Open Road Films,7,148.2,2013
12,Fox Searchlight,8,114.8,2013
13,Focus Features,6,101.0,2013
14,CBS Films,5,88.0,2013
15,Sony Classics,16,70.2,2013
16,Roadside Attractions,10,44.8,2013
17,A24,5,27.9,2013
18,Eros,16,13.0,2013
19,IFC,38,10.7,2013
20,UTV Communications,10,9.6,2013
21,Radius-TWC,8,7.5,2013
22,Magnolia,34,7.2,2013
23,Yash Raj,1,7.2,2013
24,Samuel Goldwyn,5,6.6,2013
25,High Top Releasing,5,3.8,2013
26,National Geographic Entertainment,1,3.8,2013
27,Picturehouse (II),1,3.4,2013
28,Picturehouse,1,3.4,2013
29,Millennium Ent.,9,3.3,2013
30,Cohen Media Group,11,3.1,2013
31,IMAX,1,2.8,2013
32,Reliance Big Pictures,3,2.7,2013
33,EchoLight Studios,2,2.3,2013
34,Shorts International,1,2.1,2013
35,Music Box Films,8,1.7,2013
36,Gathr Films,2,1.6,2013
37,Cinedigm Entertainment,11,1.6,2013
38,Purdie Distribution,1,1.5,2013
39,LD Entertainment,1,1.4,2013
40,Entertainment One,8,1.4,2013
41,Zeitgeist,6,1.3,2013
42,Anchor Bay Films,14,1.3,2013
43,Arenas Entertainment,1,1.1,2013
44,GKIDS,3,1.0,2013
45,RCR Distribution,1,1.0,2013
46,First Run,22,0.978,2013
47,Exclusive Media,2,0.973,2013
48,Adopt Films,2,0.962,2013
49,Freestyle Releasing,8,0.953,2013
50,Kino Lorber,17,0.885,2013
51,Variance Films,10,0.883,2013
52,Well Go USA,8,0.871,2013
53,International Film Circuit,5,0.864,2013
54,The Vladar Company,1,0.85,2013
55,CJ Entertainment,3,0.841,2013
56,Janus Films,2,0.833,2013
57,Cinema Guild,7,0.752,2013
58,Drafthouse,6,0.694,2013
59,Callbox LLC,0,0.693,2013
60,Submarine Deluxe,4,0.632,2013
61,Methinx Entertainment,1,0.55,2013
62,Pan Media & Entertainment,1,0.516,2013
63,Paramount Vantage,0,0.498,2013
64,Oscilloscope Pictures,7,0.483,2013
65,The Film Arcade,4,0.472,2013
66,erbp Film,1,0.444,2013
67,Eleven Arts,2,0.443,2013
68,China Lion,6,0.439,2013
69,Tribeca Film,16,0.402,2013
70,Ketchup Entertainment,3,0.374,2013
71,eOne Entertainment,1,0.34,2013
72,Strand,11,0.314,2013
73,Indomina Media,1,0.28,2013
74,Paladin/108 Media,3,0.277,2013
75,Rialto,9,0.269,2013
76,Main Street Films,1,0.259,2013
77,Abramorama,4,0.215,2013
78,Producers Distribution Agency,1,0.196,2013
79,Codeblack Entertainment,1,0.194,2013
80,Alive Mind Cinema,1,0.193,2013
81,The Film Collective,2,0.19,2013
82,Xlrator Media,2,0.157,2013
83,Rocky Mountain Pictures,1,0.152,2013
84,AMC Theaters,2,0.145,2013
85,Rada Film Group,1,0.136,2013
86,Seatzy/IMA,1,0.134,2013
87,Excel,1,0.125,2013
88,Paladin/Film Buff,1,0.12,2013
89,Gabriel's Messenger Films,1,0.104,2013
90,MPI Media Group,1,0.102,2013
91,Janson Media,1,0.1,2013
92,Waking Giants,1,0.0901,2013
93,Distrib Films,3,0.0867,2013
94,"Monterey Media, Inc.",7,0.0848,2013
95,Image Entertainment,1,0.08059999999999999,2013
96,Prabhudheva,1,0.08009999999999999,2013
97,Onyx Films,0,0.07959999999999999,2013
98,Liberty Street Films,1,0.07759999999999999,2013
99,The Film Collaborative,2,0.0711,2013
100,Area23a,4,0.0683,2013
101,Snagfilms,0,0.0638,2013
102,APD/Cinema Conservancy,3,0.055600000000000004,2013
103,Screen Media,2,0.055299999999999995,2013
104,River Rain,1,0.0545,2013
105,Armando Montelongo Productions,1,0.054200000000000005,2013
106,Indican,3,0.0531,2013
107,Noujaim Films,1,0.053,2013
108,Film Movement,5,0.0512,2013
109,Brainstorm Media,2,0.048799999999999996,2013
110,Icarus Films,1,0.0471,2013
111,Le Petit Canyon,1,0.0464,2013
112,Wolfe Releasing,1,0.0455,2013
113,Lambert Releasing,1,0.045,2013
114,Rockstone Releasing,1,0.0415,2013
115,Page 124 Productions,0,0.041100000000000005,2013
116,House Lights Media,1,0.040600000000000004,2013
117,Leisure Time,1,0.0396,2013
118,Fine Line Media,1,0.0389,2013
119,Drive-in Doc LLC,1,0.0368,2013
120,The Film Desk,2,0.0354,2013
121,Vitagraph,2,0.0344,2013
122,Active Fox Productions,2,0.033,2013
123,Long Shot Factory,0,0.030899999999999997,2013
124,Cinipix,1,0.0299,2013
125,Carlotta Films,1,0.0277,2013
126,FilmBuff,1,0.027600000000000003,2013
127,Driving With Our Eyes Shut,2,0.027,2013
128,Breaking Glass Pictures,1,0.027,2013
129,Doppelganger Releasing,3,0.027,2013
130,Zipporah Films,1,0.0265,2013
131,Steelyard Pictures,1,0.025,2013
132,"Ghosts Media, Inc.",1,0.0207,2013
133,GoGoGo Entertainment,1,0.019899999999999998,2013
134,Striped Entertainment,3,0.019600000000000003,2013
135,NoCoast Artists,1,0.0195,2013
136,AFFRM,2,0.0183,2013
137,Dada Films,1,0.0177,2013
138,Follow Your Nose Films,1,0.0167,2013
139,Argot Pictures,3,0.016399999999999998,2013
140,Loki Films,0,0.0144,2013
141,Content Media,1,0.0144,2013
142,ATO Pictures,1,0.0135,2013
143,Archstone,2,0.013300000000000001,2013
144,Leave It Better,1,0.0107,2013
145,Bonfire Films of America,1,0.0106,2013
146,Starz Media,1,0.01,2013
147,Vanguardia Films,1,0.009300000000000001,2013
148,The Ashton Times,1,0.009300000000000001,2013
149,The Happy Sad LLC,1,0.008400000000000001,2013
150,Gold Cap Films,1,0.0074,2013
151,KimStim,1,0.006900000000000001,2013
152,Unknown,3,0.0065,2013
153,Paladin,1,0.0058,2013
154,Under the Milky Way,1,0.004200000000000001,2013
155,Cinema Purgatorio,1,0.0033,2013
156,IM Global/Blumhouse,1,0.0031,2013
157,Cinema Libre Studio,1,0.003,2013
158,Cinema Libre,1,0.003,2013
159,Reactor 88 Studios,1,0.0022,2013
160,AfterLight,2,0.0022,2013
161,Palisades Tartan,0,0.0016,2013
162,Blue Llama,1,0.0011,2013
0,20th Century Fox,17,1790.5,2014
1,Buena Vista,13,1617.5,2014
2,Warner Bros.,23,1562.5,2014
3,Sony / Columbia,19,1261.5,2014
4,Universal,14,1115.3,2014
5,Paramount,14,1052.9,2014
6,Lionsgate,18,736.9,2014
7,New Line,5,480.7,2014
8,Weinstein Company,15,222.0,2014
9,Relativity,8,186.5,2014
10,Open Road Films,7,162.7,2014
11,Fox Searchlight,8,147.8,2014
12,Focus Features,11,126.0,2014
13,Freestyle Releasing,12,78.2,2014
14,Sony Classics,15,41.8,2014
15,Roadside Attractions,13,37.3,2014
16,IFC,38,32.7,2014
17,Clarius Entertainment,3,26.9,2014
18,UTV Communications,9,15.9,2014
19,CBS Films,3,14.2,2014
20,A24,10,13.3,2014
21,Radius-TWC,12,10.1,2014
22,IMAX,0,7.9,2014
23,Music Box Films,15,7.1,2014
24,Eros,13,6.7,2014
25,Purdie Distribution,1,6.6,2014
26,Millennium Ent.,5,5.8,2014
27,Cohen Media Group,12,5.3,2014
28,Magnolia,32,5.2,2014
29,Samuel Goldwyn,9,4.9,2014
30,National Geographic Entertainment,0,4.8,2014
31,Entertainment One,8,3.8,2014
32,China Lion,9,3.3,2014
33,FIP,2,3.2,2014
34,CJ Entertainment,5,3.1,2014
35,Screenvision,1,2.6,2014
36,Janus Films,1,2.5,2014
37,Saban Films,1,2.2,2014
38,Shorts International,1,2.2,2014
39,Reliance Big Pictures,3,1.7,2014
40,Well Go USA,13,1.6,2014
41,Tribeca Film,10,1.3,2014
42,Abramorama,6,1.2,2014
43,Triumph,1,1.2,2014
44,Drafthouse,11,1.1,2014
45,Ten Furlongs,1,1.1,2014
46,Kino Lorber,24,1.0,2014
47,Counterpoint Films,1,0.972,2014
48,GKIDS,4,0.965,2014
49,Liberty Studios,1,0.935,2014
50,Atlas Distribution,1,0.847,2014
51,Yash Raj,0,0.837,2014
52,Seatzy/IMA,0,0.754,2014
53,Zeitgeist,6,0.74,2014
54,Strand,13,0.733,2014
55,Future Educational Films,0,0.602,2014
56,Oscilloscope Pictures,8,0.562,2014
57,Adopt Films,2,0.559,2014
58,Ocean Avenue Entertainment,1,0.549,2014
59,Hannover House,1,0.543,2014
60,Eleven Arts,8,0.474,2014
61,American Experience Films,1,0.44,2014
62,Amplify,3,0.431,2014
63,Cinedigm Entertainment,4,0.417,2014
64,Rialto,10,0.393,2014
65,"Monterey Media, Inc.",12,0.392,2014
66,Area23a,1,0.365,2014
67,eOne Entertainment,5,0.355,2014
68,Variance Films,7,0.343,2014
69,Xlrator Media,1,0.341,2014
70,Bond/360,2,0.337,2014
71,Picturehouse (II),1,0.333,2014
72,Ketchup Entertainment,3,0.325,2014
73,Film Movement,9,0.299,2014
74,JSC Entertainment,1,0.294,2014
75,Abkco Films,1,0.294,2014
76,International Film Circuit,2,0.276,2014
77,Big World Pictures,4,0.27,2014
78,First Run,15,0.262,2014
79,Five & Two Pictures,1,0.248,2014
80,DisruptiveLA,1,0.236,2014
81,Long Shot Factory,2,0.234,2014
82,Gathr Films,2,0.223,2014
83,Proud Mother Pictures,1,0.203,2014
84,Rocky Mountain Pictures,4,0.201,2014
85,Zipporah Films,1,0.193,2014
86,Distrib Films,3,0.172,2014
87,Giant Flick,1,0.159,2014
88,Paladin,1,0.143,2014
89,Cinema Purgatorio,1,0.128,2014
90,High Top Releasing,1,0.125,2014
91,Dada Films,3,0.116,2014
92,The Orchard,1,0.111,2014
93,Phase 4,2,0.111,2014
94,Saboteur Media,1,0.101,2014
95,Walking on Water Films,1,0.101,2014
96,Icarus Films,6,0.1,2014
97,Submarine Deluxe,3,0.09809999999999999,2014
98,Alive Mind Cinema,0,0.09670000000000001,2014
99,Cinema Guild,7,0.09670000000000001,2014
100,Starz Media,3,0.0927,2014
101,The Film Desk,1,0.087,2014
102,The Film Collaborative,4,0.0858,2014
103,North/South Pictures,1,0.0823,2014
104,Argot Pictures,3,0.0805,2014
105,Word Films,1,0.0721,2014
106,Noujaim Films,0,0.0713,2014
107,River Rain,0,0.0701,2014
108,Anchor Bay Films,2,0.059,2014
109,Gravitas Ventures,1,0.052899999999999996,2014
110,Indican,5,0.0522,2014
111,Vitagraph,2,0.0522,2014
112,Quadratic Media,1,0.05,2014
113,Spacey LTD,1,0.0496,2014
114,Carlotta Films,2,0.049,2014
115,FilmBuff/Participant Media,1,0.0489,2014
116,Screen Media,1,0.0487,2014
117,Seatzy,1,0.045399999999999996,2014
118,Breaking Glass Pictures,1,0.0381,2014
119,APD/Cinema Conservancy,1,0.0365,2014
120,Define American,1,0.030699999999999998,2014
121,Moving Visions Entertainment,1,0.030100000000000002,2014
122,Providence Film Partners,1,0.0297,2014
123,Riot Studios,1,0.023399999999999997,2014
124,First Pond,1,0.0195,2014
125,Richmond Media Ent.,1,0.0195,2014
126,Leisure Time,0,0.0185,2014
127,Unknown,2,0.0179,2014
128,Kartemquin Films,1,0.0173,2014
129,FilmRise,1,0.0169,2014
130,Drive-in Doc LLC,0,0.0157,2014
131,Treetops Productions,0,0.0156,2014
132,Barking Cow Media Group,1,0.0134,2014
133,Revolver,1,0.0126,2014
134,"Touch the Wall, LLC",1,0.012199999999999999,2014
135,mTuckman Media,1,0.0121,2014
136,Outsider Pictures,1,0.0116,2014
137,Corinth Films,1,0.011300000000000001,2014
138,Shoot First Inc.,1,0.011,2014
139,Parade Deck Films,2,0.011,2014
140,Liberty Street Films,0,0.0104,2014
141,Rada Film Group,0,0.0103,2014
142,Old Glove Productions,1,0.0085,2014
143,Viva Pictures Distribution,1,0.008199999999999999,2014
144,Under the Milky Way,1,0.0078,2014
145,Cinema Libre Studio,1,0.0074,2014
146,Cinema Libre,1,0.0074,2014
147,Driving With Our Eyes Shut,0,0.0074,2014
148,Artmattan Prods.,1,0.0065,2014
149,The Film Arcade,1,0.0064,2014
150,KimStim,1,0.005900000000000001,2014
151,Shout! Factory,2,0.0056,2014
152,Baxter Bros.,1,0.0054,2014
153,EchoLight Studios,0,0.0054,2014
154,The Only Real Game Movie,1,0.0054,2014
155,The Vladar Company,1,0.0047,2014
156,Vertical Entertainment,1,0.0043,2014
157,The Ashton Times,0,0.004,2014
158,Scarlet Sky Productions,1,0.0036,2014
159,Doppelganger Releasing,2,0.0035,2014
160,Brothers' Ink Productions,1,0.0035,2014
161,FilmDistrict,0,0.0031,2014
162,Velvet Films,1,0.003,2014
163,Striped Entertainment,1,0.0026,2014
164,Fox Trail Productions,1,0.0023,2014
165,Follow Your Nose Films,0,0.0019,2014
166,Archstone,1,0.0011,2014
167,Phantom Pain Films,1,0.0004,2014
0,Universal,21,2444.9,2015
1,Buena Vista,11,2280.2,2015
2,Warner Bros.,27,1604.0,2015
3,20th Century Fox,17,1302.9,2015
4,Sony / Columbia,16,966.3,2015
5,Paramount,12,674.7,2015
6,Lionsgate,25,673.8,2015
7,New Line,4,337.4,2015
8,Weinstein Company,11,301.5,2015
9,Fox Searchlight,8,119.3,2015
10,Focus Features,10,117.6,2015
11,Relativity,4,74.2,2015
12,Open Road Films,6,70.2,2015
13,STX Entertainment,2,63.9,2015
14,Sony Classics,19,62.0,2015
15,A24,9,55.6,2015
16,Roadside Attractions,10,37.2,2015
17,Broad Green Pictures,7,34.7,2015
18,Pure Flix,3,28.4,2015
19,Eros,14,23.6,2015
20,Bleecker Street,5,22.5,2015
21,CBS Films,1,20.5,2015
22,Radius-TWC,9,17.5,2015
23,EuropaCorp,2,16.1,2015
24,IFC,30,12.4,2015
25,UTV Communications,5,10.2,2015
26,FUNimation Films,4,8.9,2015
27,Magnolia,23,7.3,2015
28,High Top Releasing,1,7.2,2015
29,BH Tilt,1,7.2,2015
30,Blue SKy Cinema,1,6.7,2015
31,FIP,7,6.4,2015
32,Well Go USA,11,6.0,2015
33,Samuel Goldwyn,7,5.4,2015
34,China Lion,17,5.2,2015
35,Freestyle Releasing,16,4.9,2015
36,Music Box Films,12,4.8,2015
37,CJ Entertainment,15,4.7,2015
38,Unison/Paladin,1,3.5,2015
39,The Orchard,9,3.1,2015
40,IMAX,0,2.9,2015
41,Alchemy,6,2.7,2015
42,Cohen Media Group,11,2.6,2015
43,Shorts International,1,2.4,2015
44,Yash Raj,2,2.4,2015
45,Clarius Entertainment,1,2.2,2015
46,Cinelou Films,1,2.0,2015
47,GKIDS,3,1.9,2015
48,Gathr Films,6,1.8,2015
49,National Geographic Entertainment,0,1.7,2015
50,Universal Home Entertainment,1,1.7,2015
51,Aascar Film,1,1.4,2015
52,Eleven Arts,2,1.4,2015
53,Excel,1,1.3,2015
54,Kino Lorber,24,1.3,2015
55,Purdie Distribution,2,1.2,2015
56,Picturehouse (II),2,1.0,2015
57,Oscilloscope Pictures,8,0.989,2015
58,Thinking Man Films,1,0.926,2015
59,Gravitas Ventures,5,0.811,2015
60,Rialto,9,0.777,2015
61,Drafthouse,9,0.732,2015
62,Amplify,3,0.725,2015
63,Abramorama,4,0.719,2015
64,International Film Circuit,4,0.698,2015
65,Fox Star Studios,1,0.614,2015
66,Counterpoint Films,0,0.568,2015
67,Reliance Films,2,0.565,2015
68,Cinema Guild,5,0.563,2015
69,Janus Films,4,0.544,2015
70,PBS Distribution,1,0.517,2015
71,Entertainment One,1,0.501,2015
72,Strand,15,0.469,2015
73,Showtime,2,0.465,2015
74,Film Movement,11,0.434,2015
75,The Ciesla Foundation,1,0.427,2015
76,Five & Two Pictures,0,0.422,2015
77,Submarine Deluxe,4,0.422,2015
78,Adopt Films,1,0.353,2015
79,Aspiration Media,1,0.347,2015
80,Ripple Effect Inc.,1,0.316,2015
81,FilmRise,2,0.26,2015
82,The Film Arcade,6,0.25,2015
83,Play Now Enterprise,1,0.24,2015
84,Saban Films,0,0.231,2015
85,Starz Media,2,0.23,2015
86,Atlas Distribution,1,0.228,2015
87,Liberty Studios,0,0.177,2015
88,Zipporah Films,1,0.169,2015
89,First Run,13,0.166,2015
90,Sundance Selects,1,0.142,2015
91,Argot Pictures,2,0.141,2015
92,Indican,15,0.134,2015
93,Zeitgeist,2,0.133,2015
94,Tribeca Film,5,0.117,2015
95,Azoland,1,0.116,2015
96,Distrib Films,9,0.115,2015
97,FilmBuff,1,0.113,2015
98,Proud Mother Pictures,0,0.107,2015
99,First Pond,1,0.101,2015
100,Bloodvine Media,1,0.09670000000000001,2015
101,Icarus Films,5,0.093,2015
102,United Entertainment Partners,1,0.0927,2015
103,BBC Worldwide North America,2,0.0922,2015
104,Holt Hamilton Films,1,0.091,2015
105,"Monterey Media, Inc.",10,0.0868,2015
106,Image Entertainment,1,0.07840000000000001,2015
107,The Film Collaborative,1,0.0783,2015
108,Dada Films,0,0.07579999999999999,2015
109,Rocky Mountain Pictures,0,0.0723,2015
110,Vertical Entertainment,1,0.0684,2015
111,Epic Pictures,1,0.06709999999999999,2015
112,Cinema Libre,3,0.0521,2015
113,Netflix,1,0.051,2015
114,Monument Releasing,3,0.0498,2015
115,Truth Aid,1,0.0497,2015
116,Participant Media,2,0.049,2015
117,Cinema Libre Studio,2,0.047799999999999995,2015
118,Big World Pictures,2,0.040600000000000004,2015
119,Strasson Group,1,0.039700000000000006,2015
120,Carlotta Films,1,0.0315,2015
121,Archstone,2,0.0312,2015
122,Providence Film Partners,1,0.030699999999999998,2015
123,Independent,1,0.030199999999999998,2015
124,Screen Media,2,0.0288,2015
125,Vitagraph,1,0.026699999999999998,2015
126,American Experience Films,0,0.0261,2015
127,Watchman Pictures,1,0.0222,2015
128,Mongrel Media,2,0.0205,2015
129,"Bramacharia, LLC",1,0.020399999999999998,2015
130,Paladin,1,0.0201,2015
131,Wingate Distribution,1,0.019,2015
132,Focus World,1,0.0175,2015
133,In the Light,1,0.017,2015
134,Rumur Releasing,1,0.0166,2015
135,Plymptoons,1,0.015099999999999999,2015
136,Cafe Pictures,1,0.0146,2015
137,Fork Films,1,0.0123,2015
138,Under the Milky Way,1,0.012199999999999999,2015
139,Corinth Films,1,0.0121,2015
140,Future Educational Films,0,0.0111,2015
141,Anchor Bay Films,1,0.011,2015
142,Hacienda,1,0.011,2015
143,Paramount Insurge,2,0.0109,2015
144,Autlook Films,1,0.010199999999999999,2015
145,City Drive Films,1,0.01,2015
146,Honorara Productions,1,0.0079,2015
147,Bond/360,0,0.0077,2015
148,Saboteur Media,1,0.0074,2015
149,The Vladar Company,1,0.005900000000000001,2015
150,Phase 4,1,0.0058,2015
151,Kino,1,0.0057,2015
152,Candy Factory,1,0.0057,2015
153,The Film Desk,1,0.0053,2015
154,Hanover Multimedia,1,0.005,2015
155,The American Film Company,1,0.0046,2015
156,Cinema Purgatorio,1,0.0043,2015
157,Driving With Our Eyes Shut,0,0.004200000000000001,2015
158,Dark Frames,1,0.0038,2015
159,Postmill,1,0.0037,2015
160,Industrial House,1,0.0033,2015
161,Reel One,1,0.0032,2015
162,Tombstone,1,0.0027,2015
163,Film Desk,1,0.0027,2015
164,Zell-Koj Studio,1,0.0017,2015
165,The Ashton Times,0,0.0007,2015
166,Millennium Ent.,0,0.0004,2015
167,Area23a,0,0.0003,2015
168,Unknown,1,0.0001,2015
0,Buena Vista,13,3000.9,2016
1,Warner Bros.,23,1902.2,2016
2,20th Century Fox,16,1468.9,2016
3,Universal,17,1408.0,2016
4,Sony / Columbia,22,911.5,2016
5,Paramount,15,876.8,2016
6,Lionsgate,24,665.0,2016
7,Focus Features,10,196.5,2016
8,STX Entertainment,6,195.6,2016
9,Open Road Films,7,107.0,2016
10,Roadside Attractions,10,75.7,2016
11,A24,18,65.8,2016
12,Weinstein Company,7,64.9,2016
13,Fox Searchlight,5,51.3,2016
14,Broad Green Pictures,6,37.1,2016
15,Bleecker Street,6,33.8,2016
16,Sony Classics,16,32.0,2016
17,EuropaCorp,3,30.1,2016
18,Pure Flix,3,25.3,2016
19,Relativity,2,19.8,2016
20,BH Tilt,2,15.6,2016
21,IFC,21,13.6,2016
22,Quality Flix,1,13.1,2016
23,Gramercy,1,12.7,2016
24,UTV Communications,6,11.3,2016
25,Freestyle Releasing,7,11.0,2016
26,FIP,6,10.7,2016
27,IMAX,3,10.4,2016
28,Yash Raj,3,9.0,2016
29,Well Go USA,12,8.5,2016
30,The Orchard,13,7.4,2016
31,Eros,13,7.4,2016
32,Magnolia,28,6.6,2016
33,Fathom,2,5.5,2016
34,Music Box Films,11,5.4,2016
35,China Lion,13,4.6,2016
36,The Film Arcade,2,4.4,2016
37,CineGalaxy,3,4.4,2016
38,Drafthouse,6,4.2,2016
39,Reliance Big Pictures,2,3.5,2016
40,Abramorama,9,3.3,2016
41,Blue SKy Cinema,2,3.1,2016
42,CJ Entertainment,15,3.0,2016
43,Shorts International,1,2.8,2016
44,FUNimation Films,5,2.6,2016
45,Strasson Group,0,2.3,2016
46,Cohen Media Group,11,2.1,2016
47,Hammond,1,2.0,2016
48,Oscilloscope Pictures,9,1.9,2016
49,Kino Lorber,30,1.5,2016
50,Entertainment One,3,1.5,2016
51,FilmRise,12,1.2,2016
52,Cinema Libre,2,1.2,2016
53,Cinema Libre Studio,2,1.2,2016
54,Amplify,1,1.2,2016
55,Menemsha,2,1.2,2016
56,GKIDS,5,1.1,2016
57,Yari Film Group,1,1.1,2016
58,LifeWay Films,1,1.1,2016
59,Zee TV,1,1.1,2016
60,IMG Films,1,0.996,2016
61,Gathr Films,6,0.957,2016
62,Gaatri Media,1,0.898,2016
63,Indican,15,0.843,2016
64,Saban Films,1,0.78,2016
65,Purdie Distribution,1,0.744,2016
66,Janus Films,8,0.736,2016
67,Strand,17,0.73,2016
68,Tugg,4,0.664,2016
69,Rialto,7,0.641,2016
70,Film Movement,12,0.522,2016
71,Starz Media,3,0.519,2016
72,Mongrel Media,1,0.511,2016
73,JBG Pictures,1,0.467,2016
74,Eleven Arts,2,0.448,2016
75,ArtAffects,1,0.42,2016
76,Vertical Entertainment,3,0.393,2016
77,Focus World,6,0.367,2016
78,Asia Releasing,1,0.35,2016
79,Reliance Films,1,0.332,2016
80,Viva Pictures Distribution,1,0.322,2016
81,Forewarned,1,0.317,2016
82,Zeitgeist,7,0.289,2016
83,Samuel Goldwyn,7,0.287,2016
84,Vitagraph,1,0.286,2016
85,Grasshopper Film,6,0.252,2016
86,Icarus Films,9,0.237,2016
87,The Film Collaborative,5,0.237,2016
88,Sky Island Films,1,0.23,2016
89,CanZion Films,3,0.226,2016
90,First Run,16,0.207,2016
91,Gravitas Ventures,4,0.174,2016
92,Little Flower,1,0.17,2016
93,Paladin,4,0.16,2016
94,Michael Moore,1,0.149,2016
95,,4,0.148,2016
96,Five & Two Pictures,2,0.141,2016
97,Pan Media & Entertainment,1,0.126,2016
98,Submarine Deluxe,0,0.12,2016
99,Big World Pictures,2,0.119,2016
100,Providence Film Partners,0,0.113,2016
101,Screen Media,3,0.111,2016
102,International Film Circuit,1,0.109,2016
103,Collective Eye,1,0.1,2016
104,GVN Releasing,1,0.0943,2016
105,Matson Films,3,0.0887,2016
106,Cleopatra Films,1,0.08270000000000001,2016
107,Shadow Dist.,1,0.0715,2016
108,Vanish Films,1,0.0712,2016
109,Vanishing Angle Films,1,0.060399999999999995,2016
110,UnionDocs,1,0.06,2016
111,"Monterey Media, Inc.",7,0.0598,2016
112,Dreamwest,1,0.0578,2016
113,American Experience Films,1,0.0576,2016
114,Distrib Films,6,0.0573,2016
115,"Ghosts Media, Inc.",1,0.055600000000000004,2016
116,High Top Releasing,1,0.0503,2016
117,Sundance Selects,1,0.0485,2016
118,Hannover House,2,0.0461,2016
119,Richmond Media Ent.,1,0.0455,2016
120,Cartuna,1,0.0442,2016
121,Lightyear Entertainment,1,0.0436,2016
122,Area23a,1,0.0399,2016
123,Transatlantic,1,0.036899999999999995,2016
124,International WOW,1,0.0364,2016
125,Linn Productions,1,0.0358,2016
126,Argot Pictures,1,0.0317,2016
127,25th Frame,1,0.0295,2016
128,Electric Entertainment,1,0.027100000000000003,2016
129,Jampa,1,0.026699999999999998,2016
130,In the Light,0,0.0241,2016
131,Orion Pictures,2,0.022699999999999998,2016
132,Long Shot Factory,1,0.0223,2016
133,Red Dirt Pictures,1,0.0223,2016
134,CAVU,1,0.019600000000000003,2016
135,Rocky Mountain Pictures,1,0.019100000000000002,2016
136,Wonder Vision,1,0.018699999999999998,2016
137,Zipporah Films,0,0.018600000000000002,2016
138,Eammon Films,1,0.0181,2016
139,WRA Productions,1,0.0181,2016
140,Monument Releasing,1,0.0165,2016
141,Independent,2,0.016,2016
142,Bloodvine Media,0,0.015,2016
143,Bow and Arrow,1,0.0141,2016
144,Hey Jude Productions,1,0.013800000000000002,2016
145,Corinth Films,2,0.013800000000000002,2016
146,Epic Pictures,1,0.011300000000000001,2016
147,Archstone,1,0.0112,2016
148,Gemelli,1,0.0108,2016
149,Mirror Images Ltd.,1,0.0101,2016
150,Under the Milky Way,1,0.0099,2016
151,26 Aries,1,0.0095,2016
152,Mainstreet,1,0.0088,2016
153,BBC Worldwide North America,1,0.0075,2016
154,The Ciesla Foundation,0,0.007,2016
155,JSenko,1,0.007,2016
156,Brainstorm Media,1,0.006900000000000001,2016
157,Boxcar,1,0.005900000000000001,2016
158,Surla Films,1,0.0058,2016
159,Driving With Our Eyes Shut,2,0.0054,2016
160,Uncork'd,1,0.0038,2016
161,Masters Media,1,0.0034,2016
162,Medallion,1,0.0031,2016
163,Artmattan Prods.,1,0.0028,2016
164,Anchor Bay Films,1,0.002,2016
165,MarVista Entertainment,1,0.0016,2016
166,FilmBuff,1,0.0015,2016
167,Holt Hamilton Films,0,0.0004,2016
0,Buena Vista,5,1394.3,2017
1,Universal,9,1287.0,2017
2,Warner Bros.,11,1112.3,2017
3,20th Century Fox,8,972.2,2017
4,Sony / Columbia,13,663.9,2017
5,Lionsgate,10,514.7,2017
6,Paramount,7,387.8,2017
7,STX Entertainment,5,90.5,2017
8,Focus Features,4,70.9,2017
9,Weinstein Company,4,66.7,2017
10,Open Road Films,5,43.7,2017
11,Fox Searchlight,6,43.3,2017
12,Entertainment Studios,1,43.1,2017
13,A24,8,40.9,2017
14,Roadside Attractions,6,32.6,2017
15,Bleecker Street,3,25.4,2017
16,Sony Classics,6,22.8,2017
17,BH Tilt,4,22.6,2017
18,Great India Films,1,20.2,2017
19,Pure Flix,1,14.7,2017
20,Broad Green Pictures,3,14.3,2017
21,Fathom,13,12.4,2017
22,Aviron,1,10.2,2017
23,Magnolia,13,8.2,2017
24,Annapurna Pictures,1,7.8,2017
25,The Orchard,8,6.4,2017
26,FUNimation Films,3,5.7,2017
27,UTV Communications,1,4.9,2017
28,FIP,5,4.6,2017
29,Cohen Media Group,6,3.8,2017
30,Cinelou Films,1,3.6,2017
31,Neon,4,3.5,2017
32,IFC,11,3.3,2017
33,IMAX,0,3.3,2017
34,Oscilloscope Pictures,6,3.3,2017
35,Zee TV,1,3.3,2017
36,Music Box Films,4,3.2,2017
37,Shorts International,1,2.8,2017
38,China Lion,7,2.4,2017
39,High Top Releasing,1,2.3,2017
40,Eleven Arts,2,2.0,2017
41,River Rain,1,1.7,2017
42,CBS Films,2,1.5,2017
43,Well Go USA,9,1.5,2017
44,Gunpowder & Sky,1,1.3,2017
45,CJ Entertainment,6,1.3,2017
46,Abramorama,12,1.3,2017
47,H Collective,1,1.1,2017
48,Menemsha,2,1.1,2017
49,Screenvision,1,1.0,2017
50,Yash Raj,2,0.93,2017
51,Kino Lorber,17,0.885,2017
52,Janus Films,6,0.618,2017
53,Focus World,1,0.515,2017
54,Film Movement,12,0.496,2017
55,Purdie Distribution,3,0.481,2017
56,GKIDS,3,0.462,2017
57,FilmRise,10,0.451,2017
58,Eros,2,0.349,2017
59,Paladin,2,0.325,2017
60,Vitagraph,1,0.299,2017
61,Indican,11,0.277,2017
62,Strand,9,0.253,2017
63,Arrow Films,3,0.23,2017
64,Rialto,6,0.181,2017
65,Orion Pictures,1,0.18,2017
66,Gathr Films,0,0.178,2017
67,ArtAffects,1,0.175,2017
68,Matson Films,4,0.153,2017
69,Screen Media,1,0.151,2017
70,Society Films,1,0.114,2017
71,PBS Distribution,1,0.112,2017
72,First Run,8,0.11,2017
73,Collective Eye,0,0.107,2017
74,Abkco Films,1,0.107,2017
75,Submarine Deluxe,1,0.09770000000000001,2017
76,Gravitas Ventures,3,0.0897,2017
77,Bond/360,3,0.0699,2017
78,Cinema Guild,5,0.0682,2017
79,Parade Deck Films,4,0.0664,2017
80,Zeitgeist,1,0.06520000000000001,2017
81,Cinema Libre Studio,1,0.0603,2017
82,Under the Milky Way,2,0.055,2017
83,Crimson Forest,1,0.054200000000000005,2017
84,Sarkasmos,1,0.0512,2017
85,Argot Pictures,3,0.0511,2017
86,Icarus Films,2,0.0487,2017
87,Cinema Libre,1,0.0455,2017
88,Independent,2,0.0444,2017
89,Vertical Entertainment,2,0.0412,2017
90,"Monterey Media, Inc.",2,0.037700000000000004,2017
91,Good Deed,1,0.0353,2017
92,Grasshopper Film,3,0.0343,2017
93,Lucid Dreaming Inc.,1,0.0297,2017
94,Freestyle Releasing,2,0.0269,2017
95,CAVU,1,0.0253,2017
96,Big World Pictures,1,0.0216,2017
97,EuropaCorp,0,0.0212,2017
98,The Film Collaborative,1,0.0189,2017
99,CanZion Films,0,0.015300000000000001,2017
100,CFI Releasing,1,0.009300000000000001,2017
101,Five & Two Pictures,0,0.009300000000000001,2017
102,Arrow Releasing,1,0.008400000000000001,2017
103,Hannover House,0,0.0068,2017
104,Mypheduh Films,1,0.0068,2017
105,Monument Releasing,1,0.0067,2017
106,Samuel Goldwyn,1,0.0066,2017
107,Medallion,0,0.0062,2017
108,Factory,1,0.0055,2017
109,Vladar Company,1,0.0044,2017
110,Hibernation,1,0.004,2017
111,Hey Jude Productions,0,0.0033,2017
112,Lightyear Entertainment,0,0.003,2017
113,Vanish Films,0,0.0016,2017
114,Driving With Our Eyes Shut,0,0.0013,2017
115,Distrib Films,1,0.0005,2017
116,The Ashton Times,0,0.0003,2017
